start 2026-09-29T09:57:15+09:00
  downloading L1_sixm250obs.bz2
  downloading Linf_520c.bz2
  downloading a2864.mps.bz2
  downloading bdry2.bz2
  downloading misc/cont1.bz2
  downloading misc/cont11.bz2
  downloading datt256_lp.mps.bz2
  downloading dlr1.mps.bz2
  downloading ex10.mps.bz2
  downloading fhnw-binschedule1.mps.bz2
  downloading fome/fome13.bz2
  downloading graph40-40.mps.bz2
  downloading irish-electricity.mps.bz2
  downloading misc/neos.bz2
  downloading misc/neos3.bz2
  downloading neos-3025225.mps.bz2
  downloading neos-5052403-cygnet.mps.bz2
  downloading neos-5251015.mps.bz2
  downloading misc/ns1687037.bz2
  downloading misc/ns1688926.bz2
  downloading nug/nug08-3rd.bz2
  downloading pds/pds-100.bz2
  downloading physiciansched3-3.mps.bz2
  downloading qap15.mps.bz2
  downloading rail/rail4284.bz2
  downloading rmine15.mps.bz2
  downloading s82.mps.bz2
  downloading s100.mps.bz2
  downloading s250r10.mps.bz2
  downloading savsched1.mps.bz2
  downloading scpm1.mps.bz2
  downloading square41.mps.bz2
  downloading misc/stormG2_1000.bz2
  downloading supportcase10.mps.bz2
  downloading tpl-tub-ws1617.mps.bz2
  downloading woodlands09.mps.bz2
  downloading Dual2_5000.mps.bz2
  downloading Primal2_1000.mps.bz2
  downloading thk_48.mps.bz2
  downloading thk_63.mps.bz2
  downloading L1_sixm1000obs.bz2
  downloading L2CTA3D.mps.bz2
  downloading dlr2.mps.bz2
  downloading set-cover-model.mps.bz2
mittelmann: 44 problems (compressed) in /home/enomotokan/paper_run/.mittelmann_cache/raw
211 問 × 4 ソルバー、CPU: AMD Ryzen 7 5700U with Radeon Graphics
  netlib/afiro                     enomoto  #1 optimal                  0.0004s
  netlib/afiro                     highs    #1 optimal                  0.0067s
  netlib/afiro                     clp      #1 optimal                  0.0006s
  netlib/afiro                     soplex   #1 optimal                  0.0008s
  netlib/afiro                     highs    #2 optimal                  0.0018s
  netlib/afiro                     clp      #2 optimal                  0.0011s
  netlib/afiro                     soplex   #2 optimal                  0.0007s
  netlib/afiro                     enomoto  #2 optimal                  0.0018s
  netlib/afiro                     clp      #3 optimal                  0.0006s
  netlib/afiro                     soplex   #3 optimal                  0.0006s
  netlib/afiro                     enomoto  #3 optimal                  0.0004s
  netlib/afiro                     highs    #3 optimal                  0.0020s
netlib/afiro done [2s]
  netlib/sc50b                     enomoto  #1 optimal                  0.0005s
  netlib/sc50b                     highs    #1 optimal                  0.0083s
  netlib/sc50b                     clp      #1 optimal                  0.0006s
  netlib/sc50b                     soplex   #1 optimal                  0.0009s
  netlib/sc50b                     highs    #2 optimal                  0.0066s
  netlib/sc50b                     clp      #2 optimal                  0.0006s
  netlib/sc50b                     soplex   #2 optimal                  0.0009s
  netlib/sc50b                     enomoto  #2 optimal                  0.0005s
  netlib/sc50b                     clp      #3 optimal                  0.0008s
  netlib/sc50b                     soplex   #3 optimal                  0.0009s
  netlib/sc50b                     enomoto  #3 optimal                  0.0005s
  netlib/sc50b                     highs    #3 optimal                  0.0019s
netlib/sc50b done [2s]
  netlib/sc50a                     enomoto  #1 optimal                  0.0005s
  netlib/sc50a                     highs    #1 optimal                  0.0166s
  netlib/sc50a                     clp      #1 optimal                  0.0005s
  netlib/sc50a                     soplex   #1 optimal                  0.0008s
  netlib/sc50a                     highs    #2 optimal                  0.0018s
  netlib/sc50a                     clp      #2 optimal                  0.0008s
  netlib/sc50a                     soplex   #2 optimal                  0.0008s
  netlib/sc50a                     enomoto  #2 optimal                  0.0005s
  netlib/sc50a                     clp      #3 optimal                  0.0006s
  netlib/sc50a                     soplex   #3 optimal                  0.0009s
  netlib/sc50a                     enomoto  #3 optimal                  0.0005s
  netlib/sc50a                     highs    #3 optimal                  0.0018s
netlib/sc50a done [2s]
  netlib/kb2                       enomoto  #1 optimal                  0.0006s
  netlib/kb2                       highs    #1 optimal                  0.0017s
  netlib/kb2                       clp      #1 optimal                  0.0009s
  netlib/kb2                       soplex   #1 optimal                  0.0010s
  netlib/kb2                       highs    #2 optimal                  0.0018s
  netlib/kb2                       clp      #2 optimal                  0.0010s
  netlib/kb2                       soplex   #2 optimal                  0.0010s
  netlib/kb2                       enomoto  #2 optimal                  0.0006s
  netlib/kb2                       clp      #3 optimal                  0.0008s
  netlib/kb2                       soplex   #3 optimal                  0.0010s
  netlib/kb2                       enomoto  #3 optimal                  0.0007s
  netlib/kb2                       highs    #3 optimal                  0.0057s
netlib/kb2 done [2s]
  netlib/sc105                     enomoto  #1 optimal                  0.0041s
  netlib/sc105                     highs    #1 optimal                  0.0029s
  netlib/sc105                     clp      #1 optimal                  0.0008s
  netlib/sc105                     soplex   #1 optimal                  0.0015s
  netlib/sc105                     highs    #2 optimal                  0.0026s
  netlib/sc105                     clp      #2 optimal                  0.0008s
  netlib/sc105                     soplex   #2 optimal                  0.0014s
  netlib/sc105                     enomoto  #2 optimal                  0.0009s
  netlib/sc105                     clp      #3 optimal                  0.0009s
  netlib/sc105                     soplex   #3 optimal                  0.0015s
  netlib/sc105                     enomoto  #3 optimal                  0.0010s
  netlib/sc105                     highs    #3 optimal                  0.0065s
netlib/sc105 done [2s]
  netlib/adlittle                  enomoto  #1 optimal                  0.0054s
  netlib/adlittle                  highs    #1 optimal                  0.0067s
  netlib/adlittle                  clp      #1 optimal                  0.0014s
  netlib/adlittle                  soplex   #1 optimal                  0.0014s
  netlib/adlittle                  highs    #2 optimal                  0.0030s
  netlib/adlittle                  clp      #2 optimal                  0.0013s
  netlib/adlittle                  soplex   #2 optimal                  0.0014s
  netlib/adlittle                  enomoto  #2 optimal                  0.0011s
  netlib/adlittle                  clp      #3 optimal                  0.0012s
  netlib/adlittle                  soplex   #3 optimal                  0.0015s
  netlib/adlittle                  enomoto  #3 optimal                  0.0014s
  netlib/adlittle                  highs    #3 optimal                  0.0122s
netlib/adlittle done [2s]
  netlib/stocfor1                  enomoto  #1 optimal                  0.0009s
  netlib/stocfor1                  highs    #1 optimal                  0.0089s
  netlib/stocfor1                  clp      #1 optimal                  0.0012s
  netlib/stocfor1                  soplex   #1 optimal                  0.0015s
  netlib/stocfor1                  highs    #2 optimal                  0.0101s
  netlib/stocfor1                  clp      #2 optimal                  0.0012s
  netlib/stocfor1                  soplex   #2 optimal                  0.0021s
  netlib/stocfor1                  enomoto  #2 optimal                  0.0012s
  netlib/stocfor1                  clp      #3 optimal                  0.0012s
  netlib/stocfor1                  soplex   #3 optimal                  0.0017s
  netlib/stocfor1                  enomoto  #3 optimal                  0.0011s
  netlib/stocfor1                  highs    #3 optimal                  0.0025s
netlib/stocfor1 done [2s]
  netlib/blend                     enomoto  #1 optimal                  0.0039s
  netlib/blend                     highs    #1 optimal                  0.0078s
  netlib/blend                     clp      #1 optimal                  0.0014s
  netlib/blend                     soplex   #1 optimal                  0.0014s
  netlib/blend                     highs    #2 optimal                  0.0089s
  netlib/blend                     clp      #2 optimal                  0.0012s
  netlib/blend                     soplex   #2 optimal                  0.0020s
  netlib/blend                     enomoto  #2 optimal                  0.0011s
  netlib/blend                     clp      #3 optimal                  0.0012s
  netlib/blend                     soplex   #3 optimal                  0.0015s
  netlib/blend                     enomoto  #3 optimal                  0.0011s
  netlib/blend                     highs    #3 optimal                  0.0064s
netlib/blend done [2s]
  netlib/scagr7                    enomoto  #1 optimal                  0.0012s
  netlib/scagr7                    highs    #1 optimal                  0.0031s
  netlib/scagr7                    clp      #1 optimal                  0.0012s
  netlib/scagr7                    soplex   #1 optimal                  0.0027s
  netlib/scagr7                    highs    #2 optimal                  0.0079s
  netlib/scagr7                    clp      #2 optimal                  0.0014s
  netlib/scagr7                    soplex   #2 optimal                  0.0023s
  netlib/scagr7                    enomoto  #2 optimal                  0.0009s
  netlib/scagr7                    clp      #3 optimal                  0.0014s
  netlib/scagr7                    soplex   #3 optimal                  0.0022s
  netlib/scagr7                    enomoto  #3 optimal                  0.0009s
  netlib/scagr7                    highs    #3 optimal                  0.0084s
netlib/scagr7 done [2s]
  netlib/sc205                     enomoto  #1 optimal                  0.0026s
  netlib/sc205                     highs    #1 optimal                  0.0075s
  netlib/sc205                     clp      #1 optimal                  0.0014s
  netlib/sc205                     soplex   #1 optimal                  0.0038s
  netlib/sc205                     highs    #2 optimal                  0.0075s
  netlib/sc205                     clp      #2 optimal                  0.0014s
  netlib/sc205                     soplex   #2 optimal                  0.0035s
  netlib/sc205                     enomoto  #2 optimal                  0.0025s
  netlib/sc205                     clp      #3 optimal                  0.0014s
  netlib/sc205                     soplex   #3 optimal                  0.0034s
  netlib/sc205                     enomoto  #3 optimal                  0.0025s
  netlib/sc205                     highs    #3 optimal                  0.0075s
netlib/sc205 done [2s]
  netlib/share2b                   enomoto  #1 optimal                  0.0015s
  netlib/share2b                   highs    #1 optimal                  0.0031s
  netlib/share2b                   clp      #1 optimal                  0.0018s
  netlib/share2b                   soplex   #1 optimal                  0.0025s
  netlib/share2b                   highs    #2 optimal                  0.0070s
  netlib/share2b                   clp      #2 optimal                  0.0016s
  netlib/share2b                   soplex   #2 optimal                  0.0021s
  netlib/share2b                   enomoto  #2 optimal                  0.0014s
  netlib/share2b                   clp      #3 optimal                  0.0015s
  netlib/share2b                   soplex   #3 optimal                  0.0024s
  netlib/share2b                   enomoto  #3 optimal                  0.0014s
  netlib/share2b                   highs    #3 optimal                  0.0077s
netlib/share2b done [2s]
  netlib/recipe                    enomoto  #1 optimal                  0.0022s
  netlib/recipe                    highs    #1 optimal                  0.0022s
  netlib/recipe                    clp      #1 optimal                  0.0010s
  netlib/recipe                    soplex   #1 optimal                  0.0013s
  netlib/recipe                    highs    #2 optimal                  0.0022s
  netlib/recipe                    clp      #2 optimal                  0.0008s
  netlib/recipe                    soplex   #2 optimal                  0.0011s
  netlib/recipe                    enomoto  #2 optimal                  0.0009s
  netlib/recipe                    clp      #3 optimal                  0.0008s
  netlib/recipe                    soplex   #3 optimal                  0.0011s
  netlib/recipe                    enomoto  #3 optimal                  0.0009s
  netlib/recipe                    highs    #3 optimal                  0.0024s
netlib/recipe done [2s]
  netlib/lotfi                     enomoto  #1 optimal                  0.0019s
  netlib/lotfi                     highs    #1 optimal                  0.0039s
  netlib/lotfi                     clp      #1 optimal                  0.0019s
  netlib/lotfi                     soplex   #1 optimal                  0.0033s
  netlib/lotfi                     highs    #2 optimal                  0.0084s
  netlib/lotfi                     clp      #2 optimal                  0.0021s
  netlib/lotfi                     soplex   #2 optimal                  0.0030s
  netlib/lotfi                     enomoto  #2 optimal                  0.0019s
  netlib/lotfi                     clp      #3 optimal                  0.0018s
  netlib/lotfi                     soplex   #3 optimal                  0.0029s
  netlib/lotfi                     enomoto  #3 optimal                  0.0020s
  netlib/lotfi                     highs    #3 optimal                  0.0080s
netlib/lotfi done [2s]
  netlib/vtp.base                  enomoto  #1 optimal                  0.0009s
  netlib/vtp.base                  highs    #1 optimal                  0.0025s
  netlib/vtp.base                  clp      #1 optimal                  0.0009s
  netlib/vtp.base                  soplex   #1 optimal                  0.0017s
  netlib/vtp.base                  highs    #2 optimal                  0.0023s
  netlib/vtp.base                  clp      #2 optimal                  0.0011s
  netlib/vtp.base                  soplex   #2 optimal                  0.0020s
  netlib/vtp.base                  enomoto  #2 optimal                  0.0009s
  netlib/vtp.base                  clp      #3 optimal                  0.0010s
  netlib/vtp.base                  soplex   #3 optimal                  0.0017s
  netlib/vtp.base                  enomoto  #3 optimal                  0.0009s
  netlib/vtp.base                  highs    #3 optimal                  0.0023s
netlib/vtp.base done [2s]
  netlib/share1b                   enomoto  #1 optimal                  0.0026s
  netlib/share1b                   highs    #1 optimal                  0.0145s
  netlib/share1b                   clp      #1 optimal                  0.0026s
  netlib/share1b                   soplex   #1 optimal                  0.0040s
  netlib/share1b                   highs    #2 optimal                  0.0040s
  netlib/share1b                   clp      #2 optimal                  0.0023s
  netlib/share1b                   soplex   #2 optimal                  0.0033s
  netlib/share1b                   enomoto  #2 optimal                  0.0020s
  netlib/share1b                   clp      #3 optimal                  0.0023s
  netlib/share1b                   soplex   #3 optimal                  0.0033s
  netlib/share1b                   enomoto  #3 optimal                  0.0019s
  netlib/share1b                   highs    #3 optimal                  0.0087s
netlib/share1b done [2s]
  netlib/boeing2                   enomoto  #1 optimal                  0.0019s
  netlib/boeing2                   highs    #1 optimal                  0.0082s
  netlib/boeing2                   clp      #1 optimal                  0.0019s
  netlib/boeing2                   soplex   #1 optimal                  0.0023s
  netlib/boeing2                   highs    #2 optimal                  0.0090s
  netlib/boeing2                   clp      #2 optimal                  0.0016s
  netlib/boeing2                   soplex   #2 optimal                  0.0022s
  netlib/boeing2                   enomoto  #2 optimal                  0.0020s
  netlib/boeing2                   clp      #3 optimal                  0.0016s
  netlib/boeing2                   soplex   #3 optimal                  0.0022s
  netlib/boeing2                   enomoto  #3 optimal                  0.0019s
  netlib/boeing2                   highs    #3 optimal                  0.0126s
netlib/boeing2 done [2s]
  netlib/bore3d                    enomoto  #1 optimal                  0.0013s
  netlib/bore3d                    highs    #1 optimal                  0.0034s
  netlib/bore3d                    clp      #1 optimal                  0.0016s
  netlib/bore3d                    soplex   #1 optimal                  0.0025s
  netlib/bore3d                    highs    #2 optimal                  0.0095s
  netlib/bore3d                    clp      #2 optimal                  0.0016s
  netlib/bore3d                    soplex   #2 optimal                  0.0024s
  netlib/bore3d                    enomoto  #2 optimal                  0.0012s
  netlib/bore3d                    clp      #3 optimal                  0.0014s
  netlib/bore3d                    soplex   #3 optimal                  0.0025s
  netlib/bore3d                    enomoto  #3 optimal                  0.0012s
  netlib/bore3d                    highs    #3 optimal                  0.0072s
netlib/bore3d done [2s]
  netlib/scorpion                  enomoto  #1 optimal                  0.0017s
  netlib/scorpion                  highs    #1 optimal                  0.0081s
  netlib/scorpion                  clp      #1 optimal                  0.0024s
  netlib/scorpion                  soplex   #1 optimal                  0.0034s
  netlib/scorpion                  highs    #2 optimal                  0.0111s
  netlib/scorpion                  clp      #2 optimal                  0.0022s
  netlib/scorpion                  soplex   #2 optimal                  0.0035s
  netlib/scorpion                  enomoto  #2 optimal                  0.0015s
  netlib/scorpion                  clp      #3 optimal                  0.0020s
  netlib/scorpion                  soplex   #3 optimal                  0.0034s
  netlib/scorpion                  enomoto  #3 optimal                  0.0016s
  netlib/scorpion                  highs    #3 optimal                  0.0074s
netlib/scorpion done [2s]
  netlib/capri                     enomoto  #1 optimal                  0.0034s
  netlib/capri                     highs    #1 optimal                  0.0133s
  netlib/capri                     clp      #1 optimal                  0.0032s
  netlib/capri                     soplex   #1 optimal                  0.0055s
  netlib/capri                     highs    #2 optimal                  0.0055s
  netlib/capri                     clp      #2 optimal                  0.0028s
  netlib/capri                     soplex   #2 optimal                  0.0050s
  netlib/capri                     enomoto  #2 optimal                  0.0030s
  netlib/capri                     clp      #3 optimal                  0.0027s
  netlib/capri                     soplex   #3 optimal                  0.0047s
  netlib/capri                     enomoto  #3 optimal                  0.0031s
  netlib/capri                     highs    #3 optimal                  0.0095s
netlib/capri done [2s]
  netlib/brandy                    enomoto  #1 optimal                  0.0046s
  netlib/brandy                    highs    #1 optimal                  0.0085s
  netlib/brandy                    clp      #1 optimal                  0.0048s
  netlib/brandy                    soplex   #1 optimal                  0.0051s
  netlib/brandy                    highs    #2 optimal                  0.0125s
  netlib/brandy                    clp      #2 optimal                  0.0043s
  netlib/brandy                    soplex   #2 optimal                  0.0050s
  netlib/brandy                    enomoto  #2 optimal                  0.0045s
  netlib/brandy                    clp      #3 optimal                  0.0040s
  netlib/brandy                    soplex   #3 optimal                  0.0051s
  netlib/brandy                    enomoto  #3 optimal                  0.0048s
  netlib/brandy                    highs    #3 optimal                  0.0122s
netlib/brandy done [2s]
  netlib/sctap1                    enomoto  #1 optimal                  0.0049s
  netlib/sctap1                    highs    #1 optimal                  0.0074s
  netlib/sctap1                    clp      #1 optimal                  0.0034s
  netlib/sctap1                    soplex   #1 optimal                  0.0037s
  netlib/sctap1                    highs    #2 optimal                  0.0122s
  netlib/sctap1                    clp      #2 optimal                  0.0032s
  netlib/sctap1                    soplex   #2 optimal                  0.0034s
  netlib/sctap1                    enomoto  #2 optimal                  0.0068s
  netlib/sctap1                    clp      #3 optimal                  0.0035s
  netlib/sctap1                    soplex   #3 optimal                  0.0047s
  netlib/sctap1                    enomoto  #3 optimal                  0.0049s
  netlib/sctap1                    highs    #3 optimal                  0.0129s
netlib/sctap1 done [2s]
  netlib/scagr25                   enomoto  #1 optimal                  0.0048s
  netlib/scagr25                   highs    #1 optimal                  0.0143s
  netlib/scagr25                   clp      #1 optimal                  0.0039s
  netlib/scagr25                   soplex   #1 optimal                  0.0169s
  netlib/scagr25                   highs    #2 optimal                  0.0150s
  netlib/scagr25                   clp      #2 optimal                  0.0032s
  netlib/scagr25                   soplex   #2 optimal                  0.0149s
  netlib/scagr25                   enomoto  #2 optimal                  0.0063s
  netlib/scagr25                   clp      #3 optimal                  0.0037s
  netlib/scagr25                   soplex   #3 optimal                  0.0152s
  netlib/scagr25                   enomoto  #3 optimal                  0.0046s
  netlib/scagr25                   highs    #3 optimal                  0.0203s
netlib/scagr25 done [2s]
  netlib/israel                    enomoto  #1 optimal                  0.0025s
  netlib/israel                    highs    #1 optimal                  0.0088s
  netlib/israel                    clp      #1 optimal                  0.0027s
  netlib/israel                    soplex   #1 optimal                  0.0040s
  netlib/israel                    highs    #2 optimal                  0.0096s
  netlib/israel                    clp      #2 optimal                  0.0023s
  netlib/israel                    soplex   #2 optimal                  0.0031s
  netlib/israel                    enomoto  #2 optimal                  0.0025s
  netlib/israel                    clp      #3 optimal                  0.0024s
  netlib/israel                    soplex   #3 optimal                  0.0031s
  netlib/israel                    enomoto  #3 optimal                  0.0026s
  netlib/israel                    highs    #3 optimal                  0.0092s
netlib/israel done [2s]
  netlib/scfxm1                    enomoto  #1 optimal                  0.0059s
  netlib/scfxm1                    highs    #1 optimal                  0.0161s
  netlib/scfxm1                    clp      #1 optimal                  0.0053s
  netlib/scfxm1                    soplex   #1 optimal                  0.0092s
  netlib/scfxm1                    highs    #2 optimal                  0.0158s
  netlib/scfxm1                    clp      #2 optimal                  0.0051s
  netlib/scfxm1                    soplex   #2 optimal                  0.0088s
  netlib/scfxm1                    enomoto  #2 optimal                  0.0072s
  netlib/scfxm1                    clp      #3 optimal                  0.0051s
  netlib/scfxm1                    soplex   #3 optimal                  0.0084s
  netlib/scfxm1                    enomoto  #3 optimal                  0.0062s
  netlib/scfxm1                    highs    #3 optimal                  0.0164s
netlib/scfxm1 done [2s]
  netlib/bandm                     enomoto  #1 optimal                  0.0066s
  netlib/bandm                     highs    #1 optimal                  0.0176s
  netlib/bandm                     clp      #1 optimal                  0.0060s
  netlib/bandm                     soplex   #1 optimal                  0.0120s
  netlib/bandm                     highs    #2 optimal                  0.0173s
  netlib/bandm                     clp      #2 optimal                  0.0053s
  netlib/bandm                     soplex   #2 optimal                  0.0095s
  netlib/bandm                     enomoto  #2 optimal                  0.0070s
  netlib/bandm                     clp      #3 optimal                  0.0054s
  netlib/bandm                     soplex   #3 optimal                  0.0099s
  netlib/bandm                     enomoto  #3 optimal                  0.0077s
  netlib/bandm                     highs    #3 optimal                  0.0123s
netlib/bandm done [2s]
  netlib/e226                      enomoto  #1 optimal                  0.0058s
  netlib/e226                      highs    #1 optimal                  0.0151s
  netlib/e226                      clp      #1 optimal                  0.0060s
  netlib/e226                      soplex   #1 optimal                  0.0083s
  netlib/e226                      highs    #2 optimal                  0.0152s
  netlib/e226                      clp      #2 optimal                  0.0052s
  netlib/e226                      soplex   #2 optimal                  0.0077s
  netlib/e226                      enomoto  #2 optimal                  0.0064s
  netlib/e226                      clp      #3 optimal                  0.0052s
  netlib/e226                      soplex   #3 optimal                  0.0078s
  netlib/e226                      enomoto  #3 optimal                  0.0063s
  netlib/e226                      highs    #3 optimal                  0.0167s
netlib/e226 done [2s]
  netlib/grow7                     enomoto  #1 optimal                  0.0116s
  netlib/grow7                     highs    #1 optimal                  0.0197s
  netlib/grow7                     clp      #1 optimal                  0.0059s
  netlib/grow7                     soplex   #1 optimal                  0.0171s
  netlib/grow7                     highs    #2 optimal                  0.0201s
  netlib/grow7                     clp      #2 optimal                  0.0047s
  netlib/grow7                     soplex   #2 optimal                  0.0172s
  netlib/grow7                     enomoto  #2 optimal                  0.0126s
  netlib/grow7                     clp      #3 optimal                  0.0047s
  netlib/grow7                     soplex   #3 optimal                  0.0171s
  netlib/grow7                     enomoto  #3 optimal                  0.0121s
  netlib/grow7                     highs    #3 optimal                  0.0195s
netlib/grow7 done [2s]
  netlib/etamacro                  enomoto  #1 optimal                  0.0164s
  netlib/etamacro                  highs    #1 optimal                  0.0171s
  netlib/etamacro                  clp      #1 optimal                  0.0086s
  netlib/etamacro                  soplex   #1 optimal                  0.0101s
  netlib/etamacro                  highs    #2 optimal                  0.0132s
  netlib/etamacro                  clp      #2 optimal                  0.0074s
  netlib/etamacro                  soplex   #2 optimal                  0.0101s
  netlib/etamacro                  enomoto  #2 optimal                  0.0145s
  netlib/etamacro                  clp      #3 optimal                  0.0075s
  netlib/etamacro                  soplex   #3 optimal                  0.0101s
  netlib/etamacro                  enomoto  #3 optimal                  0.0164s
  netlib/etamacro                  highs    #3 optimal                  0.0164s
netlib/etamacro done [2s]
  netlib/agg                       enomoto  #1 optimal                  0.0019s
  netlib/agg                       highs    #1 optimal                  0.0091s
  netlib/agg                       clp      #1 optimal                  0.0021s
  netlib/agg                       soplex   #1 optimal                  0.0027s
  netlib/agg                       highs    #2 optimal                  0.0094s
  netlib/agg                       clp      #2 optimal                  0.0018s
  netlib/agg                       soplex   #2 optimal                  0.0024s
  netlib/agg                       enomoto  #2 optimal                  0.0019s
  netlib/agg                       clp      #3 optimal                  0.0018s
  netlib/agg                       soplex   #3 optimal                  0.0023s
  netlib/agg                       enomoto  #3 optimal                  0.0018s
  netlib/agg                       highs    #3 optimal                  0.0089s
netlib/agg done [2s]
  netlib/finnis                    enomoto  #1 optimal                  0.0070s
  netlib/finnis                    highs    #1 optimal                  0.0136s
  netlib/finnis                    clp      #1 optimal                  0.0049s
  netlib/finnis                    soplex   #1 optimal                  0.0103s
  netlib/finnis                    highs    #2 optimal                  0.0120s
  netlib/finnis                    clp      #2 optimal                  0.0040s
  netlib/finnis                    soplex   #2 optimal                  0.0101s
  netlib/finnis                    enomoto  #2 optimal                  0.0071s
  netlib/finnis                    clp      #3 optimal                  0.0040s
  netlib/finnis                    soplex   #3 optimal                  0.0116s
  netlib/finnis                    enomoto  #3 optimal                  0.0051s
  netlib/finnis                    highs    #3 optimal                  0.0114s
netlib/finnis done [2s]
  netlib/scsd1                     enomoto  #1 optimal                  0.0038s
  netlib/scsd1                     highs    #1 optimal                  0.0106s
  netlib/scsd1                     clp      #1 optimal                  0.0022s
  netlib/scsd1                     soplex   #1 optimal                  0.0031s
  netlib/scsd1                     highs    #2 optimal                  0.0135s
  netlib/scsd1                     clp      #2 optimal                  0.0020s
  netlib/scsd1                     soplex   #2 optimal                  0.0031s
  netlib/scsd1                     enomoto  #2 optimal                  0.0032s
  netlib/scsd1                     clp      #3 optimal                  0.0020s
  netlib/scsd1                     soplex   #3 optimal                  0.0032s
  netlib/scsd1                     enomoto  #3 optimal                  0.0045s
  netlib/scsd1                     highs    #3 optimal                  0.0051s
netlib/scsd1 done [2s]
  netlib/standata                  enomoto  #1 optimal                  0.0030s
  netlib/standata                  highs    #1 optimal                  0.0248s
  netlib/standata                  clp      #1 optimal                  0.0017s
  netlib/standata                  soplex   #1 optimal                  0.0029s
  netlib/standata                  highs    #2 optimal                  0.0135s
  netlib/standata                  clp      #2 optimal                  0.0017s
  netlib/standata                  soplex   #2 optimal                  0.0028s
  netlib/standata                  enomoto  #2 optimal                  0.0043s
  netlib/standata                  clp      #3 optimal                  0.0018s
  netlib/standata                  soplex   #3 optimal                  0.0032s
  netlib/standata                  enomoto  #3 optimal                  0.0033s
  netlib/standata                  highs    #3 optimal                  0.0152s
netlib/standata done [2s]
  netlib/standgub                  enomoto  #1 optimal                  0.0033s
  netlib/standgub                  highs    #1 optimal                  0.0128s
  netlib/standgub                  clp      #1 optimal                  0.0019s
  netlib/standgub                  soplex   #1 optimal                  0.0039s
  netlib/standgub                  highs    #2 optimal                  0.0324s
  netlib/standgub                  clp      #2 optimal                  0.0018s
  netlib/standgub                  soplex   #2 optimal                  0.0034s
  netlib/standgub                  enomoto  #2 optimal                  0.0048s
  netlib/standgub                  clp      #3 optimal                  0.0018s
  netlib/standgub                  soplex   #3 optimal                  0.0031s
  netlib/standgub                  enomoto  #3 optimal                  0.0033s
  netlib/standgub                  highs    #3 optimal                  0.0128s
netlib/standgub done [2s]
  netlib/beaconfd                  enomoto  #1 optimal                  0.0014s
  netlib/beaconfd                  highs    #1 optimal                  0.0056s
  netlib/beaconfd                  clp      #1 optimal                  0.0014s
  netlib/beaconfd                  soplex   #1 optimal                  0.0024s
  netlib/beaconfd                  highs    #2 optimal                  0.0089s
  netlib/beaconfd                  clp      #2 optimal                  0.0011s
  netlib/beaconfd                  soplex   #2 optimal                  0.0023s
  netlib/beaconfd                  enomoto  #2 optimal                  0.0012s
  netlib/beaconfd                  clp      #3 optimal                  0.0011s
  netlib/beaconfd                  soplex   #3 optimal                  0.0023s
  netlib/beaconfd                  enomoto  #3 optimal                  0.0012s
  netlib/beaconfd                  highs    #3 optimal                  0.0081s
netlib/beaconfd done [2s]
  netlib/stair                     enomoto  #1 optimal                  0.0143s
  netlib/stair                     highs    #1 optimal                  0.0303s
  netlib/stair                     clp      #1 optimal                  0.0100s
  netlib/stair                     soplex   #1 optimal                  0.0223s
  netlib/stair                     highs    #2 optimal                  0.0235s
  netlib/stair                     clp      #2 optimal                  0.0102s
  netlib/stair                     soplex   #2 optimal                  0.0215s
  netlib/stair                     enomoto  #2 optimal                  0.0153s
  netlib/stair                     clp      #3 optimal                  0.0096s
  netlib/stair                     soplex   #3 optimal                  0.0222s
  netlib/stair                     enomoto  #3 optimal                  0.0133s
  netlib/stair                     highs    #3 optimal                  0.0235s
netlib/stair done [2s]
  netlib/gfrd-pnc                  enomoto  #1 optimal                  0.0069s
  netlib/gfrd-pnc                  highs    #1 optimal                  0.0154s
  netlib/gfrd-pnc                  clp      #1 optimal                  0.0054s
  netlib/gfrd-pnc                  soplex   #1 optimal                  0.0083s
  netlib/gfrd-pnc                  highs    #2 optimal                  0.0151s
  netlib/gfrd-pnc                  clp      #2 optimal                  0.0049s
  netlib/gfrd-pnc                  soplex   #2 optimal                  0.0077s
  netlib/gfrd-pnc                  enomoto  #2 optimal                  0.0078s
  netlib/gfrd-pnc                  clp      #3 optimal                  0.0049s
  netlib/gfrd-pnc                  soplex   #3 optimal                  0.0077s
  netlib/gfrd-pnc                  enomoto  #3 optimal                  0.0065s
  netlib/gfrd-pnc                  highs    #3 optimal                  0.0145s
netlib/gfrd-pnc done [2s]
  netlib/standmps                  enomoto  #1 optimal                  0.0042s
  netlib/standmps                  highs    #1 optimal                  0.0135s
  netlib/standmps                  clp      #1 optimal                  0.0032s
  netlib/standmps                  soplex   #1 optimal                  0.0044s
  netlib/standmps                  highs    #2 optimal                  0.0135s
  netlib/standmps                  clp      #2 optimal                  0.0029s
  netlib/standmps                  soplex   #2 optimal                  0.0043s
  netlib/standmps                  enomoto  #2 optimal                  0.0052s
  netlib/standmps                  clp      #3 optimal                  0.0027s
  netlib/standmps                  soplex   #3 optimal                  0.0043s
  netlib/standmps                  enomoto  #3 optimal                  0.0039s
  netlib/standmps                  highs    #3 optimal                  0.0127s
netlib/standmps done [2s]
  netlib/scrs8                     enomoto  #1 optimal                  0.0073s
  netlib/scrs8                     highs    #1 optimal                  0.0186s
  netlib/scrs8                     clp      #1 optimal                  0.0061s
  netlib/scrs8                     soplex   #1 optimal                  0.0115s
  netlib/scrs8                     highs    #2 optimal                  0.0173s
  netlib/scrs8                     clp      #2 optimal                  0.0063s
  netlib/scrs8                     soplex   #2 optimal                  0.0112s
  netlib/scrs8                     enomoto  #2 optimal                  0.0084s
  netlib/scrs8                     clp      #3 optimal                  0.0063s
  netlib/scrs8                     soplex   #3 optimal                  0.0111s
  netlib/scrs8                     enomoto  #3 optimal                  0.0072s
  netlib/scrs8                     highs    #3 optimal                  0.0178s
netlib/scrs8 done [2s]
  netlib/boeing1                   enomoto  #1 optimal                  0.0102s
  netlib/boeing1                   highs    #1 optimal                  0.0135s
  netlib/boeing1                   clp      #1 optimal                  0.0053s
  netlib/boeing1                   soplex   #1 optimal                  0.0092s
  netlib/boeing1                   highs    #2 optimal                  0.0194s
  netlib/boeing1                   clp      #2 optimal                  0.0052s
  netlib/boeing1                   soplex   #2 optimal                  0.0091s
  netlib/boeing1                   enomoto  #2 optimal                  0.0113s
  netlib/boeing1                   clp      #3 optimal                  0.0054s
  netlib/boeing1                   soplex   #3 optimal                  0.0095s
  netlib/boeing1                   enomoto  #3 optimal                  0.0103s
  netlib/boeing1                   highs    #3 optimal                  0.0235s
netlib/boeing1 done [2s]
  netlib/modszk1                   enomoto  #1 optimal                  0.0219s
  netlib/modszk1                   highs    #1 optimal                  0.0305s
  netlib/modszk1                   clp      #1 optimal                  0.0096s
  netlib/modszk1                   soplex   #1 optimal                  0.0142s
  netlib/modszk1                   highs    #2 optimal                  0.0252s
  netlib/modszk1                   clp      #2 optimal                  0.0094s
  netlib/modszk1                   soplex   #2 optimal                  0.0128s
  netlib/modszk1                   enomoto  #2 optimal                  0.0228s
  netlib/modszk1                   clp      #3 optimal                  0.0094s
  netlib/modszk1                   soplex   #3 optimal                  0.0131s
  netlib/modszk1                   enomoto  #3 optimal                  0.0216s
  netlib/modszk1                   highs    #3 optimal                  0.0199s
netlib/modszk1 done [2s]
  netlib/tuff                      enomoto  #1 optimal                  0.0058s
  netlib/tuff                      highs    #1 optimal                  0.0169s
  netlib/tuff                      clp      #1 optimal                  0.0040s
  netlib/tuff                      soplex   #1 optimal                  0.0046s
  netlib/tuff                      highs    #2 optimal                  0.0187s
  netlib/tuff                      clp      #2 optimal                  0.0032s
  netlib/tuff                      soplex   #2 optimal                  0.0045s
  netlib/tuff                      enomoto  #2 optimal                  0.0072s
  netlib/tuff                      clp      #3 optimal                  0.0032s
  netlib/tuff                      soplex   #3 optimal                  0.0046s
  netlib/tuff                      enomoto  #3 optimal                  0.0058s
  netlib/tuff                      highs    #3 optimal                  0.0165s
netlib/tuff done [2s]
  netlib/degen2                    enomoto  #1 optimal                  0.0189s
  netlib/degen2                    highs    #1 optimal                  0.0239s
  netlib/degen2                    clp      #1 optimal                  0.0126s
  netlib/degen2                    soplex   #1 optimal                  0.0235s
  netlib/degen2                    highs    #2 optimal                  0.0214s
  netlib/degen2                    clp      #2 optimal                  0.0111s
  netlib/degen2                    soplex   #2 optimal                  0.0231s
  netlib/degen2                    enomoto  #2 optimal                  0.0196s
  netlib/degen2                    clp      #3 optimal                  0.0109s
  netlib/degen2                    soplex   #3 optimal                  0.0233s
  netlib/degen2                    enomoto  #3 optimal                  0.0188s
  netlib/degen2                    highs    #3 optimal                  0.0214s
netlib/degen2 done [2s]
  netlib/forplan                   enomoto  #1 optimal                  0.0068s
  netlib/forplan                   highs    #1 optimal                  0.0142s
  netlib/forplan                   clp      #1 optimal                  0.0046s
  netlib/forplan                   soplex   #1 read_error               -
  netlib/forplan                   highs    #2 optimal                  0.0144s
  netlib/forplan                   clp      #2 optimal                  0.0038s
  netlib/forplan                   enomoto  #2 optimal                  0.0077s
  netlib/forplan                   clp      #3 optimal                  0.0039s
  netlib/forplan                   enomoto  #3 optimal                  0.0066s
  netlib/forplan                   highs    #3 optimal                  0.0141s
netlib/forplan done [2s]
  netlib/agg2                      enomoto  #1 optimal                  0.0038s
  netlib/agg2                      highs    #1 optimal                  0.0130s
  netlib/agg2                      clp      #1 optimal                  0.0033s
  netlib/agg2                      soplex   #1 optimal                  0.0040s
  netlib/agg2                      highs    #2 optimal                  0.0156s
  netlib/agg2                      clp      #2 optimal                  0.0028s
  netlib/agg2                      soplex   #2 optimal                  0.0033s
  netlib/agg2                      enomoto  #2 optimal                  0.0040s
  netlib/agg2                      clp      #3 optimal                  0.0027s
  netlib/agg2                      soplex   #3 optimal                  0.0032s
  netlib/agg2                      enomoto  #3 optimal                  0.0037s
  netlib/agg2                      highs    #3 optimal                  0.0115s
netlib/agg2 done [2s]
  netlib/agg3                      enomoto  #1 optimal                  0.0043s
  netlib/agg3                      highs    #1 optimal                  0.0145s
  netlib/agg3                      clp      #1 optimal                  0.0035s
  netlib/agg3                      soplex   #1 optimal                  0.0035s
  netlib/agg3                      highs    #2 optimal                  0.0160s
  netlib/agg3                      clp      #2 optimal                  0.0031s
  netlib/agg3                      soplex   #2 optimal                  0.0034s
  netlib/agg3                      enomoto  #2 optimal                  0.0057s
  netlib/agg3                      clp      #3 optimal                  0.0033s
  netlib/agg3                      soplex   #3 optimal                  0.0032s
  netlib/agg3                      enomoto  #3 optimal                  0.0045s
  netlib/agg3                      highs    #3 optimal                  0.0141s
netlib/agg3 done [2s]
  netlib/shell                     enomoto  #1 optimal                  0.0070s
  netlib/shell                     highs    #1 optimal                  0.0217s
  netlib/shell                     clp      #1 optimal                  0.0053s
  netlib/shell                     soplex   #1 optimal                  0.0099s
  netlib/shell                     highs    #2 optimal                  0.0280s
  netlib/shell                     clp      #2 optimal                  0.0052s
  netlib/shell                     soplex   #2 optimal                  0.0108s
  netlib/shell                     enomoto  #2 optimal                  0.0078s
  netlib/shell                     clp      #3 optimal                  0.0050s
  netlib/shell                     soplex   #3 optimal                  0.0094s
  netlib/shell                     enomoto  #3 optimal                  0.0064s
  netlib/shell                     highs    #3 optimal                  0.0214s
netlib/shell done [2s]
  netlib/scfxm2                    enomoto  #1 optimal                  0.0160s
  netlib/scfxm2                    highs    #1 optimal                  0.0274s
  netlib/scfxm2                    clp      #1 optimal                  0.0138s
  netlib/scfxm2                    soplex   #1 optimal                  0.0237s
  netlib/scfxm2                    highs    #2 optimal                  0.0281s
  netlib/scfxm2                    clp      #2 optimal                  0.0143s
  netlib/scfxm2                    soplex   #2 optimal                  0.0260s
  netlib/scfxm2                    enomoto  #2 optimal                  0.0157s
  netlib/scfxm2                    clp      #3 optimal                  0.0130s
  netlib/scfxm2                    soplex   #3 optimal                  0.0223s
  netlib/scfxm2                    enomoto  #3 optimal                  0.0186s
  netlib/scfxm2                    highs    #3 optimal                  0.0290s
netlib/scfxm2 done [2s]
  netlib/pilot4                    enomoto  #1 optimal                  0.0329s
  netlib/pilot4                    highs    #1 optimal                  0.0426s
  netlib/pilot4                    clp      #1 optimal                  0.0320s
  netlib/pilot4                    soplex   #1 optimal                  0.0533s
  netlib/pilot4                    highs    #2 optimal                  0.0425s
  netlib/pilot4                    clp      #2 optimal                  0.0327s
  netlib/pilot4                    soplex   #2 optimal                  0.0517s
  netlib/pilot4                    enomoto  #2 optimal                  0.0339s
  netlib/pilot4                    clp      #3 optimal                  0.0320s
  netlib/pilot4                    soplex   #3 optimal                  0.0511s
  netlib/pilot4                    enomoto  #3 optimal                  0.0356s
  netlib/pilot4                    highs    #3 optimal                  0.0405s
netlib/pilot4 done [3s]
  netlib/scsd6                     enomoto  #1 optimal                  0.0118s
  netlib/scsd6                     highs    #1 optimal                  0.0158s
  netlib/scsd6                     clp      #1 optimal                  0.0043s
  netlib/scsd6                     soplex   #1 optimal                  0.0144s
  netlib/scsd6                     highs    #2 optimal                  0.0172s
  netlib/scsd6                     clp      #2 optimal                  0.0047s
  netlib/scsd6                     soplex   #2 optimal                  0.0139s
  netlib/scsd6                     enomoto  #2 optimal                  0.0097s
  netlib/scsd6                     clp      #3 optimal                  0.0044s
  netlib/scsd6                     soplex   #3 optimal                  0.0137s
  netlib/scsd6                     enomoto  #3 optimal                  0.0099s
  netlib/scsd6                     highs    #3 optimal                  0.0155s
netlib/scsd6 done [2s]
  netlib/ship04s                   enomoto  #1 optimal                  0.0067s
  netlib/ship04s                   highs    #1 optimal                  0.0210s
  netlib/ship04s                   clp      #1 optimal                  0.0101s
  netlib/ship04s                   soplex   #1 optimal                  0.0062s
  netlib/ship04s                   highs    #2 optimal                  0.0143s
  netlib/ship04s                   clp      #2 optimal                  0.0035s
  netlib/ship04s                   soplex   #2 optimal                  0.0060s
  netlib/ship04s                   enomoto  #2 optimal                  0.0085s
  netlib/ship04s                   clp      #3 optimal                  0.0035s
  netlib/ship04s                   soplex   #3 optimal                  0.0059s
  netlib/ship04s                   enomoto  #3 optimal                  0.0067s
  netlib/ship04s                   highs    #3 optimal                  0.0145s
netlib/ship04s done [3s]
  netlib/seba                      enomoto  #1 optimal                  0.0068s
  netlib/seba                      highs    #1 optimal                  0.0130s
  netlib/seba                      clp      #1 optimal                  0.0018s
  netlib/seba                      soplex   #1 optimal                  0.0093s
  netlib/seba                      highs    #2 optimal                  0.0064s
  netlib/seba                      clp      #2 optimal                  0.0038s
  netlib/seba                      soplex   #2 optimal                  0.0100s
  netlib/seba                      enomoto  #2 optimal                  0.0059s
  netlib/seba                      clp      #3 optimal                  0.0037s
  netlib/seba                      soplex   #3 optimal                  0.0034s
  netlib/seba                      enomoto  #3 optimal                  0.0083s
  netlib/seba                      highs    #3 optimal                  0.0150s
netlib/seba done [3s]
  netlib/grow15                    enomoto  #1 optimal                  0.0807s
  netlib/grow15                    highs    #1 optimal                  0.0623s
  netlib/grow15                    clp      #1 optimal                  0.0429s
  netlib/grow15                    soplex   #1 optimal                  0.0636s
  netlib/grow15                    highs    #2 optimal                  0.0585s
  netlib/grow15                    clp      #2 optimal                  0.0164s
  netlib/grow15                    soplex   #2 optimal                  0.0625s
  netlib/grow15                    enomoto  #2 optimal                  0.0510s
  netlib/grow15                    clp      #3 optimal                  0.0197s
  netlib/grow15                    soplex   #3 optimal                  0.0687s
  netlib/grow15                    enomoto  #3 optimal                  0.0404s
  netlib/grow15                    highs    #3 optimal                  0.0524s
netlib/grow15 done [3s]
  netlib/fffff800                  enomoto  #1 optimal                  0.0091s
  netlib/fffff800                  highs    #1 optimal                  0.0243s
  netlib/fffff800                  clp      #1 optimal                  0.0070s
  netlib/fffff800                  soplex   #1 optimal                  0.0438s
  netlib/fffff800                  highs    #2 optimal                  0.0224s
  netlib/fffff800                  clp      #2 optimal                  0.0067s
  netlib/fffff800                  soplex   #2 optimal                  0.0220s
  netlib/fffff800                  enomoto  #2 optimal                  0.0093s
  netlib/fffff800                  clp      #3 optimal                  0.0069s
  netlib/fffff800                  soplex   #3 optimal                  0.0218s
  netlib/fffff800                  enomoto  #3 optimal                  0.0227s
  netlib/fffff800                  highs    #3 optimal                  0.0200s
netlib/fffff800 done [3s]
  netlib/bnl1                      enomoto  #1 optimal                  0.0410s
  netlib/bnl1                      highs    #1 optimal                  0.0324s
  netlib/bnl1                      clp      #1 optimal                  0.0234s
  netlib/bnl1                      soplex   #1 optimal                  0.0266s
  netlib/bnl1                      highs    #2 optimal                  0.0345s
  netlib/bnl1                      clp      #2 optimal                  0.0262s
  netlib/bnl1                      soplex   #2 optimal                  0.0688s
  netlib/bnl1                      enomoto  #2 optimal                  0.0443s
  netlib/bnl1                      clp      #3 optimal                  0.0246s
  netlib/bnl1                      soplex   #3 optimal                  0.0267s
  netlib/bnl1                      enomoto  #3 optimal                  0.0415s
  netlib/bnl1                      highs    #3 optimal                  0.0568s
netlib/bnl1 done [3s]
  netlib/perold                    enomoto  #1 optimal                  0.1012s
  netlib/perold                    highs    #1 optimal                  0.0866s
  netlib/perold                    clp      #1 optimal                  0.0820s
  netlib/perold                    soplex   #1 optimal                  0.3410s
  netlib/perold                    highs    #2 optimal                  0.0962s
  netlib/perold                    clp      #2 optimal                  0.1001s
  netlib/perold                    soplex   #2 optimal                  0.3663s
  netlib/perold                    enomoto  #2 optimal                  0.0783s
  netlib/perold                    clp      #3 optimal                  0.0835s
  netlib/perold                    soplex   #3 optimal                  0.2310s
  netlib/perold                    enomoto  #3 optimal                  0.0822s
  netlib/perold                    highs    #3 optimal                  0.0772s
netlib/perold done [5s]
  netlib/scfxm3                    enomoto  #1 optimal                  0.0285s
  netlib/scfxm3                    highs    #1 optimal                  0.0320s
  netlib/scfxm3                    clp      #1 optimal                  0.0218s
  netlib/scfxm3                    soplex   #1 optimal                  0.0470s
  netlib/scfxm3                    highs    #2 optimal                  0.0419s
  netlib/scfxm3                    clp      #2 optimal                  0.0215s
  netlib/scfxm3                    soplex   #2 optimal                  0.0487s
  netlib/scfxm3                    enomoto  #2 optimal                  0.0261s
  netlib/scfxm3                    clp      #3 optimal                  0.0586s
  netlib/scfxm3                    soplex   #3 optimal                  0.0500s
  netlib/scfxm3                    enomoto  #3 optimal                  0.0322s
  netlib/scfxm3                    highs    #3 optimal                  0.0421s
netlib/scfxm3 done [3s]
  netlib/ship04l                   enomoto  #1 optimal                  0.0063s
  netlib/ship04l                   highs    #1 optimal                  0.0180s
  netlib/ship04l                   clp      #1 optimal                  0.0058s
  netlib/ship04l                   soplex   #1 optimal                  0.0075s
  netlib/ship04l                   highs    #2 optimal                  0.0227s
  netlib/ship04l                   clp      #2 optimal                  0.0053s
  netlib/ship04l                   soplex   #2 optimal                  0.0170s
  netlib/ship04l                   enomoto  #2 optimal                  0.0100s
  netlib/ship04l                   clp      #3 optimal                  0.0049s
  netlib/ship04l                   soplex   #3 optimal                  0.0146s
  netlib/ship04l                   enomoto  #3 optimal                  0.0094s
  netlib/ship04l                   highs    #3 optimal                  0.0627s
netlib/ship04l done [3s]
  netlib/ganges                    enomoto  #1 optimal                  0.0317s
  netlib/ganges                    highs    #1 optimal                  0.0246s
  netlib/ganges                    clp      #1 optimal                  0.0089s
  netlib/ganges                    soplex   #1 optimal                  0.0262s
  netlib/ganges                    highs    #2 optimal                  0.0252s
  netlib/ganges                    clp      #2 optimal                  0.0175s
  netlib/ganges                    soplex   #2 optimal                  0.0502s
  netlib/ganges                    enomoto  #2 optimal                  0.0153s
  netlib/ganges                    clp      #3 optimal                  0.0078s
  netlib/ganges                    soplex   #3 optimal                  0.0222s
  netlib/ganges                    enomoto  #3 optimal                  0.0202s
  netlib/ganges                    highs    #3 optimal                  0.0240s
netlib/ganges done [3s]
  netlib/sctap2                    enomoto  #1 optimal                  0.0127s
  netlib/sctap2                    highs    #1 optimal                  0.0268s
  netlib/sctap2                    clp      #1 optimal                  0.0079s
  netlib/sctap2                    soplex   #1 optimal                  0.0320s
  netlib/sctap2                    highs    #2 optimal                  0.0298s
  netlib/sctap2                    clp      #2 optimal                  0.0227s
  netlib/sctap2                    soplex   #2 optimal                  0.0383s
  netlib/sctap2                    enomoto  #2 optimal                  0.0204s
  netlib/sctap2                    clp      #3 optimal                  0.0073s
  netlib/sctap2                    soplex   #3 optimal                  0.0148s
  netlib/sctap2                    enomoto  #3 optimal                  0.0194s
  netlib/sctap2                    highs    #3 optimal                  0.0486s
netlib/sctap2 done [3s]
  netlib/grow22                    enomoto  #1 optimal                  0.1517s
  netlib/grow22                    highs    #1 optimal                  0.1245s
  netlib/grow22                    clp      #1 optimal                  0.0689s
  netlib/grow22                    soplex   #1 optimal                  0.2456s
  netlib/grow22                    highs    #2 optimal                  0.0997s
  netlib/grow22                    clp      #2 optimal                  0.0441s
  netlib/grow22                    soplex   #2 optimal                  0.1992s
  netlib/grow22                    enomoto  #2 optimal                  0.1258s
  netlib/grow22                    clp      #3 optimal                  0.0398s
  netlib/grow22                    soplex   #3 optimal                  0.2765s
  netlib/grow22                    enomoto  #3 optimal                  0.1228s
  netlib/grow22                    highs    #3 optimal                  0.1015s
netlib/grow22 done [5s]
  netlib/ship08s                   enomoto  #1 optimal                  0.0136s
  netlib/ship08s                   highs    #1 optimal                  0.0308s
  netlib/ship08s                   clp      #1 optimal                  0.0080s
  netlib/ship08s                   soplex   #1 optimal                  0.0118s
  netlib/ship08s                   highs    #2 optimal                  0.0225s
  netlib/ship08s                   clp      #2 optimal                  0.0053s
  netlib/ship08s                   soplex   #2 optimal                  0.0114s
  netlib/ship08s                   enomoto  #2 optimal                  0.0094s
  netlib/ship08s                   clp      #3 optimal                  0.0056s
  netlib/ship08s                   soplex   #3 optimal                  0.0264s
  netlib/ship08s                   enomoto  #3 optimal                  0.0119s
  netlib/ship08s                   highs    #3 optimal                  0.0260s
netlib/ship08s done [3s]
  netlib/pilot.we                  enomoto  #1 optimal                  0.1084s
  netlib/pilot.we                  highs    #1 optimal                  0.1365s
  netlib/pilot.we                  clp      #1 optimal                  0.1295s
  netlib/pilot.we                  soplex   #1 optimal                  0.3736s
  netlib/pilot.we                  highs    #2 optimal                  0.1388s
  netlib/pilot.we                  clp      #2 optimal                  0.1289s
  netlib/pilot.we                  soplex   #2 optimal                  0.3687s
  netlib/pilot.we                  enomoto  #2 optimal                  0.1302s
  netlib/pilot.we                  clp      #3 optimal                  0.1317s
  netlib/pilot.we                  soplex   #3 optimal                  0.4208s
  netlib/pilot.we                  enomoto  #3 optimal                  0.1340s
  netlib/pilot.we                  highs    #3 optimal                  0.1611s
netlib/pilot.we done [6s]
  netlib/maros                     enomoto  #1 optimal                  0.0550s
  netlib/maros                     highs    #1 optimal                  0.0537s
  netlib/maros                     clp      #1 optimal                  0.0272s
  netlib/maros                     soplex   #1 optimal                  0.0395s
  netlib/maros                     highs    #2 optimal                  0.0495s
  netlib/maros                     clp      #2 optimal                  0.0267s
  netlib/maros                     soplex   #2 optimal                  0.0406s
  netlib/maros                     enomoto  #2 optimal                  0.0765s
  netlib/maros                     clp      #3 optimal                  0.0317s
  netlib/maros                     soplex   #3 optimal                  0.0412s
  netlib/maros                     enomoto  #3 optimal                  0.0301s
  netlib/maros                     highs    #3 optimal                  0.0608s
netlib/maros done [4s]
  netlib/stocfor2                  enomoto  #1 optimal                  0.0182s
  netlib/stocfor2                  highs    #1 optimal                  0.0435s
  netlib/stocfor2                  clp      #1 optimal                  0.0292s
  netlib/stocfor2                  soplex   #1 optimal                  0.1543s
  netlib/stocfor2                  highs    #2 optimal                  0.0424s
  netlib/stocfor2                  clp      #2 optimal                  0.0207s
  netlib/stocfor2                  soplex   #2 optimal                  0.1767s
  netlib/stocfor2                  enomoto  #2 optimal                  0.0255s
  netlib/stocfor2                  clp      #3 optimal                  0.0496s
  netlib/stocfor2                  soplex   #3 optimal                  0.1913s
  netlib/stocfor2                  enomoto  #3 optimal                  0.0232s
  netlib/stocfor2                  highs    #3 optimal                  0.0602s
netlib/stocfor2 done [4s]
  netlib/25fv47                    enomoto  #1 optimal                  0.2670s
  netlib/25fv47                    highs    #1 optimal                  0.2024s
  netlib/25fv47                    clp      #1 optimal                  0.1496s
  netlib/25fv47                    soplex   #1 optimal                  0.2898s
  netlib/25fv47                    highs    #2 optimal                  0.1531s
  netlib/25fv47                    clp      #2 optimal                  0.1290s
  netlib/25fv47                    soplex   #2 optimal                  0.2654s
  netlib/25fv47                    enomoto  #2 optimal                  0.2027s
  netlib/25fv47                    clp      #3 optimal                  0.1337s
  netlib/25fv47                    soplex   #3 optimal                  0.2693s
  netlib/25fv47                    enomoto  #3 optimal                  0.2309s
  netlib/25fv47                    highs    #3 optimal                  0.1669s
netlib/25fv47 done [6s]
  netlib/ship12s                   enomoto  #1 optimal                  0.0136s
  netlib/ship12s                   highs    #1 optimal                  0.0395s
  netlib/ship12s                   clp      #1 optimal                  0.0097s
  netlib/ship12s                   soplex   #1 optimal                  0.0158s
  netlib/ship12s                   highs    #2 optimal                  0.0242s
  netlib/ship12s                   clp      #2 optimal                  0.0071s
  netlib/ship12s                   soplex   #2 optimal                  0.0353s
  netlib/ship12s                   enomoto  #2 optimal                  0.0188s
  netlib/ship12s                   clp      #3 optimal                  0.0073s
  netlib/ship12s                   soplex   #3 optimal                  0.0142s
  netlib/ship12s                   enomoto  #3 optimal                  0.0168s
  netlib/ship12s                   highs    #3 optimal                  0.0175s
netlib/ship12s done [3s]
  netlib/scsd8                     enomoto  #1 optimal                  0.1332s
  netlib/scsd8                     highs    #1 optimal                  0.0559s
  netlib/scsd8                     clp      #1 optimal                  0.0788s
  netlib/scsd8                     soplex   #1 optimal                  0.0867s
  netlib/scsd8                     highs    #2 optimal                  0.0659s
  netlib/scsd8                     clp      #2 optimal                  0.0228s
  netlib/scsd8                     soplex   #2 optimal                  0.0938s
  netlib/scsd8                     enomoto  #2 optimal                  0.1002s
  netlib/scsd8                     clp      #3 optimal                  0.0224s
  netlib/scsd8                     soplex   #3 optimal                  0.0870s
  netlib/scsd8                     enomoto  #3 optimal                  0.0614s
  netlib/scsd8                     highs    #3 optimal                  0.0570s
netlib/scsd8 done [4s]
  netlib/fit1p                     enomoto  #1 optimal                  0.0650s
  netlib/fit1p                     highs    #1 optimal                  0.0669s
  netlib/fit1p                     clp      #1 optimal                  0.0263s
  netlib/fit1p                     soplex   #1 optimal                  0.1168s
  netlib/fit1p                     highs    #2 optimal                  0.0541s
  netlib/fit1p                     clp      #2 optimal                  0.0263s
  netlib/fit1p                     soplex   #2 optimal                  0.1219s
  netlib/fit1p                     enomoto  #2 optimal                  0.0637s
  netlib/fit1p                     clp      #3 optimal                  0.0302s
  netlib/fit1p                     soplex   #3 optimal                  0.1278s
  netlib/fit1p                     enomoto  #3 optimal                  0.0826s
  netlib/fit1p                     highs    #3 optimal                  0.0668s
netlib/fit1p done [4s]
  netlib/sctap3                    enomoto  #1 optimal                  0.0509s
  netlib/sctap3                    highs    #1 optimal                  0.0242s
  netlib/sctap3                    clp      #1 optimal                  0.0236s
  netlib/sctap3                    soplex   #1 optimal                  0.0150s
  netlib/sctap3                    highs    #2 optimal                  0.0433s
  netlib/sctap3                    clp      #2 optimal                  0.0123s
  netlib/sctap3                    soplex   #2 optimal                  0.0327s
  netlib/sctap3                    enomoto  #2 optimal                  0.0219s
  netlib/sctap3                    clp      #3 optimal                  0.0319s
  netlib/sctap3                    soplex   #3 optimal                  0.0460s
  netlib/sctap3                    enomoto  #3 optimal                  0.0519s
  netlib/sctap3                    highs    #3 optimal                  0.0233s
netlib/sctap3 done [3s]
  netlib/sierra                    enomoto  #1 optimal                  0.0107s
  netlib/sierra                    highs    #1 optimal                  0.0187s
  netlib/sierra                    clp      #1 optimal                  0.0079s
  netlib/sierra                    soplex   #1 optimal                  0.0130s
  netlib/sierra                    highs    #2 optimal                  0.0270s
  netlib/sierra                    clp      #2 optimal                  0.0079s
  netlib/sierra                    soplex   #2 optimal                  0.0130s
  netlib/sierra                    enomoto  #2 optimal                  0.0145s
  netlib/sierra                    clp      #3 optimal                  0.0189s
  netlib/sierra                    soplex   #3 optimal                  0.0131s
  netlib/sierra                    enomoto  #3 optimal                  0.0134s
  netlib/sierra                    highs    #3 optimal                  0.0538s
netlib/sierra done [3s]
  netlib/pilotnov                  enomoto  #1 optimal                  0.0947s
  netlib/pilotnov                  highs    #1 optimal                  0.4686s
  netlib/pilotnov                  clp      #1 optimal                  0.0905s
  netlib/pilotnov                  soplex   #1 optimal                  0.2352s
  netlib/pilotnov                  highs    #2 optimal                  0.1550s
  netlib/pilotnov                  clp      #2 optimal                  0.0784s
  netlib/pilotnov                  soplex   #2 optimal                  0.2343s
  netlib/pilotnov                  enomoto  #2 optimal                  0.0742s
  netlib/pilotnov                  clp      #3 optimal                  0.0767s
  netlib/pilotnov                  soplex   #3 optimal                  0.2359s
  netlib/pilotnov                  enomoto  #3 optimal                  0.2010s
  netlib/pilotnov                  highs    #3 optimal                  0.1578s
netlib/pilotnov done [5s]
  netlib/czprob                    enomoto  #1 optimal                  0.0169s
  netlib/czprob                    highs    #1 optimal                  0.0907s
  netlib/czprob                    clp      #1 optimal                  0.0103s
  netlib/czprob                    soplex   #1 optimal                  0.1328s
  netlib/czprob                    highs    #2 optimal                  0.0994s
  netlib/czprob                    clp      #2 optimal                  0.0374s
  netlib/czprob                    soplex   #2 optimal                  0.0494s
  netlib/czprob                    enomoto  #2 optimal                  0.0424s
  netlib/czprob                    clp      #3 optimal                  0.0100s
  netlib/czprob                    soplex   #3 optimal                  0.0511s
  netlib/czprob                    enomoto  #3 optimal                  0.0154s
  netlib/czprob                    highs    #3 optimal                  0.0726s
netlib/czprob done [4s]
  netlib/fit1d                     enomoto  #1 optimal                  0.0064s
  netlib/fit1d                     highs    #1 optimal                  0.0255s
  netlib/fit1d                     clp      #1 optimal                  0.0073s
  netlib/fit1d                     soplex   #1 optimal                  0.0070s
  netlib/fit1d                     highs    #2 optimal                  0.0151s
  netlib/fit1d                     clp      #2 optimal                  0.0243s
  netlib/fit1d                     soplex   #2 optimal                  0.0140s
  netlib/fit1d                     enomoto  #2 optimal                  0.0073s
  netlib/fit1d                     clp      #3 optimal                  0.0225s
  netlib/fit1d                     soplex   #3 optimal                  0.0074s
  netlib/fit1d                     enomoto  #3 optimal                  0.0062s
  netlib/fit1d                     highs    #3 optimal                  0.0163s
netlib/fit1d done [3s]
  netlib/pilot.ja                  enomoto  #1 optimal                  0.2873s
  netlib/pilot.ja                  highs    #1 optimal                  0.0937s
  netlib/pilot.ja                  clp      #1 optimal                  0.1785s
  netlib/pilot.ja                  soplex   #1 optimal                  0.6991s
  netlib/pilot.ja                  highs    #2 optimal                  0.2182s
  netlib/pilot.ja                  clp      #2 optimal                  0.1785s
  netlib/pilot.ja                  soplex   #2 optimal                  0.8891s
  netlib/pilot.ja                  enomoto  #2 optimal                  0.1122s
  netlib/pilot.ja                  clp      #3 optimal                  0.1831s
  netlib/pilot.ja                  soplex   #3 optimal                  0.8363s
  netlib/pilot.ja                  enomoto  #3 optimal                  0.1293s
  netlib/pilot.ja                  highs    #3 optimal                  0.1016s
netlib/pilot.ja done [8s]
  netlib/ship08l                   enomoto  #1 optimal                  0.0158s
  netlib/ship08l                   highs    #1 optimal                  0.0617s
  netlib/ship08l                   clp      #1 optimal                  0.0094s
  netlib/ship08l                   soplex   #1 optimal                  0.0178s
  netlib/ship08l                   highs    #2 optimal                  0.0284s
  netlib/ship08l                   clp      #2 optimal                  0.0099s
  netlib/ship08l                   soplex   #2 optimal                  0.0244s
  netlib/ship08l                   enomoto  #2 optimal                  0.0179s
  netlib/ship08l                   clp      #3 optimal                  0.0330s
  netlib/ship08l                   soplex   #3 optimal                  0.0533s
  netlib/ship08l                   enomoto  #3 optimal                  0.0163s
  netlib/ship08l                   highs    #3 optimal                  0.0558s
netlib/ship08l done [3s]
  netlib/bnl2                      enomoto  #1 optimal                  0.0606s
  netlib/bnl2                      highs    #1 optimal                  0.0753s
  netlib/bnl2                      clp      #1 optimal                  0.0352s
  netlib/bnl2                      soplex   #1 optimal                  0.3936s
  netlib/bnl2                      highs    #2 optimal                  0.1448s
  netlib/bnl2                      clp      #2 optimal                  0.0332s
  netlib/bnl2                      soplex   #2 optimal                  0.3834s
  netlib/bnl2                      enomoto  #2 optimal                  0.0663s
  netlib/bnl2                      clp      #3 optimal                  0.0933s
  netlib/bnl2                      soplex   #3 optimal                  0.1333s
  netlib/bnl2                      enomoto  #3 optimal                  0.1328s
  netlib/bnl2                      highs    #3 optimal                  0.0682s
netlib/bnl2 done [5s]
  netlib/nesm                      enomoto  #1 optimal                  0.0734s
  netlib/nesm                      highs    #1 optimal                  0.1620s
  netlib/nesm                      clp      #1 optimal                  0.0807s
  netlib/nesm                      soplex   #1 optimal                  0.6811s
  netlib/nesm                      highs    #2 optimal                  0.1564s
  netlib/nesm                      clp      #2 optimal                  0.0793s
  netlib/nesm                      soplex   #2 optimal                  0.6296s
  netlib/nesm                      enomoto  #2 optimal                  0.0684s
  netlib/nesm                      clp      #3 optimal                  0.0810s
  netlib/nesm                      soplex   #3 optimal                  0.2306s
  netlib/nesm                      enomoto  #3 optimal                  0.0655s
  netlib/nesm                      highs    #3 optimal                  0.1568s
netlib/nesm done [6s]
  netlib/cycle                     enomoto  #1 optimal                  0.0241s
  netlib/cycle                     highs    #1 optimal                  0.2438s
  netlib/cycle                     clp      #1 optimal                  0.0132s
  netlib/cycle                     soplex   #1 optimal                  0.0431s
  netlib/cycle                     highs    #2 optimal                  0.2418s
  netlib/cycle                     clp      #2 optimal                  0.0128s
  netlib/cycle                     soplex   #2 optimal                  0.0411s
  netlib/cycle                     enomoto  #2 optimal                  0.0242s
  netlib/cycle                     clp      #3 optimal                  0.0129s
  netlib/cycle                     soplex   #3 optimal                  0.0424s
  netlib/cycle                     enomoto  #3 optimal                  0.0233s
  netlib/cycle                     highs    #3 optimal                  0.2392s
netlib/cycle done [4s]
  netlib/ship12l                   enomoto  #1 optimal                  0.0207s
  netlib/ship12l                   highs    #1 optimal                  0.0395s
  netlib/ship12l                   clp      #1 optimal                  0.0140s
  netlib/ship12l                   soplex   #1 optimal                  0.0254s
  netlib/ship12l                   highs    #2 optimal                  0.0412s
  netlib/ship12l                   clp      #2 optimal                  0.0144s
  netlib/ship12l                   soplex   #2 optimal                  0.0252s
  netlib/ship12l                   enomoto  #2 optimal                  0.0213s
  netlib/ship12l                   clp      #3 optimal                  0.0136s
  netlib/ship12l                   soplex   #3 optimal                  0.0266s
  netlib/ship12l                   enomoto  #3 optimal                  0.0230s
  netlib/ship12l                   highs    #3 optimal                  0.0403s
netlib/ship12l done [3s]
  netlib/degen3                    enomoto  #1 optimal                  0.1685s
  netlib/degen3                    highs    #1 optimal                  0.1813s
  netlib/degen3                    clp      #1 optimal                  0.1445s
  netlib/degen3                    soplex   #1 optimal                  0.3217s
  netlib/degen3                    highs    #2 optimal                  0.1795s
  netlib/degen3                    clp      #2 optimal                  0.1315s
  netlib/degen3                    soplex   #2 optimal                  0.3178s
  netlib/degen3                    enomoto  #2 optimal                  0.1812s
  netlib/degen3                    clp      #3 optimal                  0.1341s
  netlib/degen3                    soplex   #3 optimal                  0.3274s
  netlib/degen3                    enomoto  #3 optimal                  0.1678s
  netlib/degen3                    highs    #3 optimal                  0.1796s
netlib/degen3 done [6s]
  netlib/greenbea                  enomoto  #1 optimal                  0.1631s
  netlib/greenbea                  highs    #1 optimal                  0.2260s
  netlib/greenbea                  clp      #1 optimal                  0.1657s
  netlib/greenbea                  soplex   #1 optimal                  2.5500s
  netlib/greenbea                  highs    #2 optimal                  0.2302s
  netlib/greenbea                  clp      #2 optimal                  0.1718s
  netlib/greenbea                  soplex   #2 optimal                  2.6240s
  netlib/greenbea                  enomoto  #2 optimal                  0.1487s
  netlib/greenbea                  clp      #3 optimal                  0.1627s
  netlib/greenbea                  soplex   #3 optimal                  2.6420s
  netlib/greenbea                  enomoto  #3 optimal                  0.1577s
  netlib/greenbea                  highs    #3 optimal                  0.2348s
netlib/greenbea done [13s]
  netlib/greenbeb                  enomoto  #1 optimal                  0.2965s
  netlib/greenbeb                  highs    #1 optimal                  0.3851s
  netlib/greenbeb                  clp      #1 optimal                  0.2827s
  netlib/greenbeb                  soplex   #1 optimal                  1.0303s
  netlib/greenbeb                  highs    #2 optimal                  0.3828s
  netlib/greenbeb                  clp      #2 optimal                  0.2856s
  netlib/greenbeb                  soplex   #2 optimal                  1.0231s
  netlib/greenbeb                  enomoto  #2 optimal                  0.2887s
  netlib/greenbeb                  clp      #3 optimal                  0.2851s
  netlib/greenbeb                  soplex   #3 optimal                  0.9941s
  netlib/greenbeb                  enomoto  #3 optimal                  0.2911s
  netlib/greenbeb                  highs    #3 optimal                  0.3866s
netlib/greenbeb done [9s]
  netlib/80bau3b                   enomoto  #1 optimal                  0.1171s
  netlib/80bau3b                   highs    #1 optimal                  0.1318s
  netlib/80bau3b                   clp      #1 optimal                  0.0793s
  netlib/80bau3b                   soplex   #1 optimal                  0.4570s
  netlib/80bau3b                   highs    #2 optimal                  0.1318s
  netlib/80bau3b                   clp      #2 optimal                  0.0827s
  netlib/80bau3b                   soplex   #2 optimal                  0.4562s
  netlib/80bau3b                   enomoto  #2 optimal                  0.1102s
  netlib/80bau3b                   clp      #3 optimal                  0.0797s
  netlib/80bau3b                   soplex   #3 optimal                  0.4655s
  netlib/80bau3b                   enomoto  #3 optimal                  0.1180s
  netlib/80bau3b                   highs    #3 optimal                  0.1433s
netlib/80bau3b done [6s]
  netlib/d2q06c                    enomoto  #1 optimal                  0.9142s
  netlib/d2q06c                    highs    #1 optimal                  0.7226s
  netlib/d2q06c                    clp      #1 optimal                  0.7361s
  netlib/d2q06c                    soplex   #1 optimal                  2.0808s
  netlib/d2q06c                    highs    #2 optimal                  0.7211s
  netlib/d2q06c                    clp      #2 optimal                  0.7168s
  netlib/d2q06c                    soplex   #2 optimal                  2.0791s
  netlib/d2q06c                    enomoto  #2 optimal                  0.9386s
  netlib/d2q06c                    clp      #3 optimal                  0.7220s
  netlib/d2q06c                    soplex   #3 optimal                  2.0401s
  netlib/d2q06c                    enomoto  #3 optimal                  0.9546s
  netlib/d2q06c                    highs    #3 optimal                  0.7051s
netlib/d2q06c done [18s]
  netlib/woodw                     enomoto  #1 optimal                  0.0293s
  netlib/woodw                     highs    #1 optimal                  0.0754s
  netlib/woodw                     clp      #1 optimal                  0.0972s
  netlib/woodw                     soplex   #1 optimal                  0.1507s
  netlib/woodw                     highs    #2 optimal                  0.0844s
  netlib/woodw                     clp      #2 optimal                  0.0973s
  netlib/woodw                     soplex   #2 optimal                  0.1608s
  netlib/woodw                     enomoto  #2 optimal                  0.0313s
  netlib/woodw                     clp      #3 optimal                  0.0982s
  netlib/woodw                     soplex   #3 optimal                  0.1568s
  netlib/woodw                     enomoto  #3 optimal                  0.0320s
  netlib/woodw                     highs    #3 optimal                  0.0779s
netlib/woodw done [4s]
  netlib/d6cube                    enomoto  #1 optimal                  0.0652s
  netlib/d6cube                    highs    #1 optimal                  0.1261s
  netlib/d6cube                    clp      #1 optimal                  0.6789s
  netlib/d6cube                    soplex   #1 optimal                  0.1097s
  netlib/d6cube                    highs    #2 optimal                  0.1292s
  netlib/d6cube                    clp      #2 optimal                  0.6832s
  netlib/d6cube                    soplex   #2 optimal                  0.1075s
  netlib/d6cube                    enomoto  #2 optimal                  0.0639s
  netlib/d6cube                    clp      #3 optimal                  0.6919s
  netlib/d6cube                    soplex   #3 optimal                  0.1130s
  netlib/d6cube                    enomoto  #3 optimal                  0.0640s
  netlib/d6cube                    highs    #3 optimal                  0.1271s
netlib/d6cube done [7s]
  netlib/pilot                     enomoto  #1 optimal                  0.8005s
  netlib/pilot                     highs    #1 optimal                  0.9424s
  netlib/pilot                     clp      #1 optimal                  0.9031s
  netlib/pilot                     soplex   #1 optimal                  2.6500s
  netlib/pilot                     highs    #2 optimal                  0.9621s
  netlib/pilot                     clp      #2 optimal                  0.8745s
  netlib/pilot                     soplex   #2 optimal                  2.6259s
  netlib/pilot                     enomoto  #2 optimal                  0.8207s
  netlib/pilot                     clp      #3 optimal                  0.8893s
  netlib/pilot                     soplex   #3 optimal                  2.7025s
  netlib/pilot                     enomoto  #3 optimal                  0.7873s
  netlib/pilot                     highs    #3 optimal                  1.0095s
netlib/pilot done [21s]
  netlib/dfl001                    enomoto  #1 optimal                  6.0183s
  netlib/dfl001                    highs    #1 optimal                  5.6743s
  netlib/dfl001                    clp      #1 optimal                  4.6182s
  netlib/dfl001                    soplex   #1 optimal                  13.7252s
  netlib/dfl001                    highs    #2 optimal                  5.6407s
  netlib/dfl001                    clp      #2 optimal                  4.6259s
  netlib/dfl001                    soplex   #2 optimal                  13.3045s
  netlib/dfl001                    enomoto  #2 optimal                  5.8441s
  netlib/dfl001                    clp      #3 optimal                  4.6341s
  netlib/dfl001                    soplex   #3 optimal                  13.3974s
  netlib/dfl001                    enomoto  #3 optimal                  5.8674s
  netlib/dfl001                    highs    #3 optimal                  5.6570s
netlib/dfl001 done [91s]
  netlib/wood1p                    enomoto  #1 optimal                  0.0371s
  netlib/wood1p                    highs    #1 optimal                  0.0750s
  netlib/wood1p                    clp      #1 optimal                  0.0187s
  netlib/wood1p                    soplex   #1 optimal                  0.0360s
  netlib/wood1p                    highs    #2 optimal                  0.0752s
  netlib/wood1p                    clp      #2 optimal                  0.0196s
  netlib/wood1p                    soplex   #2 optimal                  0.0347s
  netlib/wood1p                    enomoto  #2 optimal                  0.0374s
  netlib/wood1p                    clp      #3 optimal                  0.0177s
  netlib/wood1p                    soplex   #3 optimal                  0.0351s
  netlib/wood1p                    enomoto  #3 optimal                  0.0371s
  netlib/wood1p                    highs    #3 optimal                  0.0717s
netlib/wood1p done [3s]
  netlib/fit2p                     enomoto  #1 optimal                  0.9758s
  netlib/fit2p                     highs    #1 optimal                  0.9593s
  netlib/fit2p                     clp      #1 optimal                  1.2733s
  netlib/fit2p                     soplex   #1 optimal                  2.1407s
  netlib/fit2p                     highs    #2 optimal                  1.0089s
  netlib/fit2p                     clp      #2 optimal                  1.2978s
  netlib/fit2p                     soplex   #2 optimal                  2.1357s
  netlib/fit2p                     enomoto  #2 optimal                  0.9754s
  netlib/fit2p                     clp      #3 optimal                  1.2851s
  netlib/fit2p                     soplex   #3 optimal                  2.1415s
  netlib/fit2p                     enomoto  #3 optimal                  0.9872s
  netlib/fit2p                     highs    #3 optimal                  0.9958s
netlib/fit2p done [21s]
  netlib/pilot87                   enomoto  #1 optimal                  4.0000s
  netlib/pilot87                   highs    #1 optimal                  4.0083s
  netlib/pilot87                   clp      #1 optimal                  5.6212s
  netlib/pilot87                   soplex   #1 optimal                  8.3080s
  netlib/pilot87                   highs    #2 optimal                  4.4004s
  netlib/pilot87                   clp      #2 optimal                  6.1212s
  netlib/pilot87                   soplex   #2 optimal                  8.5928s
  netlib/pilot87                   enomoto  #2 optimal                  4.1699s
  netlib/pilot87                   clp      #3 optimal                  5.9818s
  netlib/pilot87                   soplex   #3 optimal                  8.0182s
  netlib/pilot87                   enomoto  #3 optimal                  4.0182s
  netlib/pilot87                   highs    #3 optimal                  4.1785s
netlib/pilot87 done [70s]
  netlib/fit2d                     enomoto  #1 optimal                  0.0740s
  netlib/fit2d                     highs    #1 optimal                  0.1657s
  netlib/fit2d                     clp      #1 optimal                  0.0698s
  netlib/fit2d                     soplex   #1 optimal                  0.1558s
  netlib/fit2d                     highs    #2 optimal                  0.1451s
  netlib/fit2d                     clp      #2 optimal                  0.0667s
  netlib/fit2d                     soplex   #2 optimal                  0.1485s
  netlib/fit2d                     enomoto  #2 optimal                  0.0775s
  netlib/fit2d                     clp      #3 optimal                  0.0733s
  netlib/fit2d                     soplex   #3 optimal                  0.1370s
  netlib/fit2d                     enomoto  #3 optimal                  0.0759s
  netlib/fit2d                     highs    #3 optimal                  0.1507s
netlib/fit2d done [6s]
  netlib/maros-r7                  enomoto  #1 optimal                  0.6727s
  netlib/maros-r7                  highs    #1 optimal                  1.0174s
  netlib/maros-r7                  clp      #1 optimal                  1.1482s
  netlib/maros-r7                  soplex   #1 optimal                  1.8724s
  netlib/maros-r7                  highs    #2 optimal                  0.7938s
  netlib/maros-r7                  clp      #2 optimal                  1.1149s
  netlib/maros-r7                  soplex   #2 optimal                  1.8335s
  netlib/maros-r7                  enomoto  #2 optimal                  0.7117s
  netlib/maros-r7                  clp      #3 optimal                  1.2535s
  netlib/maros-r7                  soplex   #3 optimal                  1.8077s
  netlib/maros-r7                  enomoto  #3 optimal                  0.6694s
  netlib/maros-r7                  highs    #3 optimal                  0.7865s
netlib/maros-r7 done [19s]
  infeas/itest2                    enomoto  #1 infeasible               0.0001s
  infeas/itest2                    highs    #1 infeasible               0.0007s
  infeas/itest2                    clp      #1 infeasible               0.0004s
  infeas/itest2                    soplex   #1 infeasible               0.0005s
  infeas/itest2                    highs    #2 infeasible               0.0051s
  infeas/itest2                    clp      #2 infeasible               0.0004s
  infeas/itest2                    soplex   #2 infeasible               0.0005s
  infeas/itest2                    enomoto  #2 infeasible               0.0001s
  infeas/itest2                    clp      #3 infeasible               0.0004s
  infeas/itest2                    soplex   #3 infeasible               0.0005s
  infeas/itest2                    enomoto  #3 infeasible               0.0001s
  infeas/itest2                    highs    #3 infeasible               0.0065s
infeas/itest2 done [3s]
  infeas/galenet                   enomoto  #1 infeasible               0.0001s
  infeas/galenet                   highs    #1 infeasible               0.0009s
  infeas/galenet                   clp      #1 infeasible               0.0004s
  infeas/galenet                   soplex   #1 infeasible               0.0005s
  infeas/galenet                   highs    #2 infeasible               0.0008s
  infeas/galenet                   clp      #2 infeasible               0.0004s
  infeas/galenet                   soplex   #2 infeasible               0.0004s
  infeas/galenet                   enomoto  #2 infeasible               0.0001s
  infeas/galenet                   clp      #3 infeasible               0.0004s
  infeas/galenet                   soplex   #3 infeasible               0.0004s
  infeas/galenet                   enomoto  #3 infeasible               0.0001s
  infeas/galenet                   highs    #3 infeasible               0.0110s
infeas/galenet done [2s]
  infeas/itest6                    enomoto  #1 infeasible               0.0001s
  infeas/itest6                    highs    #1 infeasible               0.0007s
  infeas/itest6                    clp      #1 infeasible               0.0004s
  infeas/itest6                    soplex   #1 infeasible               0.0006s
  infeas/itest6                    highs    #2 infeasible               0.0094s
  infeas/itest6                    clp      #2 infeasible               0.0004s
  infeas/itest6                    soplex   #2 infeasible               0.0005s
  infeas/itest6                    enomoto  #2 infeasible               0.0001s
  infeas/itest6                    clp      #3 infeasible               0.0004s
  infeas/itest6                    soplex   #3 infeasible               0.0004s
  infeas/itest6                    enomoto  #3 infeasible               0.0001s
  infeas/itest6                    highs    #3 infeasible               0.0007s
infeas/itest6 done [2s]
  infeas/bgprtr                    enomoto  #1 infeasible               0.0001s
  infeas/bgprtr                    highs    #1 infeasible               0.0016s
  infeas/bgprtr                    clp      #1 infeasible               0.0005s
  infeas/bgprtr                    soplex   #1 infeasible               0.0006s
  infeas/bgprtr                    highs    #2 infeasible               0.0074s
  infeas/bgprtr                    clp      #2 infeasible               0.0005s
  infeas/bgprtr                    soplex   #2 infeasible               0.0006s
  infeas/bgprtr                    enomoto  #2 infeasible               0.0001s
  infeas/bgprtr                    clp      #3 infeasible               0.0007s
  infeas/bgprtr                    soplex   #3 infeasible               0.0007s
  infeas/bgprtr                    enomoto  #3 infeasible               0.0001s
  infeas/bgprtr                    highs    #3 infeasible               0.0021s
infeas/bgprtr done [2s]
  infeas/woodinfe                  enomoto  #1 infeasible               0.0001s
  infeas/woodinfe                  highs    #1 infeasible               0.0060s
  infeas/woodinfe                  clp      #1 infeasible               0.0005s
  infeas/woodinfe                  soplex   #1 infeasible               0.0005s
  infeas/woodinfe                  highs    #2 infeasible               0.0008s
  infeas/woodinfe                  clp      #2 infeasible               0.0005s
  infeas/woodinfe                  soplex   #2 infeasible               0.0005s
  infeas/woodinfe                  enomoto  #2 infeasible               0.0001s
  infeas/woodinfe                  clp      #3 infeasible               0.0006s
  infeas/woodinfe                  soplex   #3 infeasible               0.0005s
  infeas/woodinfe                  enomoto  #3 infeasible               0.0001s
  infeas/woodinfe                  highs    #3 infeasible               0.0008s
infeas/woodinfe done [2s]
  infeas/forest6                   enomoto  #1 infeasible               0.0008s
  infeas/forest6                   highs    #1 infeasible               0.0021s
  infeas/forest6                   clp      #1 infeasible               0.0013s
  infeas/forest6                   soplex   #1 infeasible               0.0012s
  infeas/forest6                   highs    #2 infeasible               0.0069s
  infeas/forest6                   clp      #2 infeasible               0.0014s
  infeas/forest6                   soplex   #2 infeasible               0.0014s
  infeas/forest6                   enomoto  #2 infeasible               0.0036s
  infeas/forest6                   clp      #3 infeasible               0.0012s
  infeas/forest6                   soplex   #3 infeasible               0.0012s
  infeas/forest6                   enomoto  #3 infeasible               0.0008s
  infeas/forest6                   highs    #3 infeasible               0.0022s
infeas/forest6 done [2s]
  infeas/klein1                    enomoto  #1 infeasible               0.0022s
  infeas/klein1                    highs    #1 infeasible               0.0080s
  infeas/klein1                    clp      #1 infeasible               0.0017s
  infeas/klein1                    soplex   #1 infeasible               0.0024s
  infeas/klein1                    highs    #2 infeasible               0.0030s
  infeas/klein1                    clp      #2 infeasible               0.0019s
  infeas/klein1                    soplex   #2 infeasible               0.0021s
  infeas/klein1                    enomoto  #2 infeasible               0.0024s
  infeas/klein1                    clp      #3 infeasible               0.0016s
  infeas/klein1                    soplex   #3 infeasible               0.0020s
  infeas/klein1                    enomoto  #3 infeasible               0.0023s
  infeas/klein1                    highs    #3 infeasible               0.0072s
infeas/klein1 done [2s]
  infeas/ex73a                     enomoto  #1 infeasible               0.0007s
  infeas/ex73a                     highs    #1 infeasible               0.0018s
  infeas/ex73a                     clp      #1 infeasible               0.0009s
  infeas/ex73a                     soplex   #1 infeasible               0.0013s
  infeas/ex73a                     highs    #2 infeasible               0.0017s
  infeas/ex73a                     clp      #2 infeasible               0.0008s
  infeas/ex73a                     soplex   #2 infeasible               0.0012s
  infeas/ex73a                     enomoto  #2 infeasible               0.0008s
  infeas/ex73a                     clp      #3 infeasible               0.0008s
  infeas/ex73a                     soplex   #3 infeasible               0.0012s
  infeas/ex73a                     enomoto  #3 infeasible               0.0007s
  infeas/ex73a                     highs    #3 infeasible               0.0015s
infeas/ex73a done [2s]
  infeas/ex72a                     enomoto  #1 infeasible               0.0007s
  infeas/ex72a                     highs    #1 infeasible               0.0069s
  infeas/ex72a                     clp      #1 infeasible               0.0010s
  infeas/ex72a                     soplex   #1 infeasible               0.0013s
  infeas/ex72a                     highs    #2 infeasible               0.0067s
  infeas/ex72a                     clp      #2 infeasible               0.0008s
  infeas/ex72a                     soplex   #2 infeasible               0.0011s
  infeas/ex72a                     enomoto  #2 infeasible               0.0007s
  infeas/ex72a                     clp      #3 infeasible               0.0008s
  infeas/ex72a                     soplex   #3 infeasible               0.0011s
  infeas/ex72a                     enomoto  #3 infeasible               0.0008s
  infeas/ex72a                     highs    #3 infeasible               0.0018s
infeas/ex72a done [2s]
  infeas/box1                      enomoto  #1 infeasible               0.0006s
  infeas/box1                      highs    #1 infeasible               0.0067s
  infeas/box1                      clp      #1 infeasible               0.0007s
  infeas/box1                      soplex   #1 infeasible               0.0016s
  infeas/box1                      highs    #2 infeasible               0.0067s
  infeas/box1                      clp      #2 infeasible               0.0008s
  infeas/box1                      soplex   #2 infeasible               0.0014s
  infeas/box1                      enomoto  #2 infeasible               0.0009s
  infeas/box1                      clp      #3 infeasible               0.0007s
  infeas/box1                      soplex   #3 infeasible               0.0013s
  infeas/box1                      enomoto  #3 infeasible               0.0007s
  infeas/box1                      highs    #3 infeasible               0.0019s
infeas/box1 done [2s]
  infeas/cplex2                    enomoto  #1 infeasible               0.0138s
  infeas/cplex2                    highs    #1 infeasible               0.0145s
  infeas/cplex2                    clp      #1 infeasible               0.0061s
  infeas/cplex2                    soplex   #1 optimal                  0.0107s
  infeas/cplex2                    highs    #2 infeasible               0.0128s
  infeas/cplex2                    clp      #2 infeasible               0.0053s
  infeas/cplex2                    soplex   #2 optimal                  0.0107s
  infeas/cplex2                    enomoto  #2 infeasible               0.0150s
  infeas/cplex2                    clp      #3 infeasible               0.0052s
  infeas/cplex2                    soplex   #3 optimal                  0.0109s
  infeas/cplex2                    enomoto  #3 infeasible               0.0146s
  infeas/cplex2                    highs    #3 infeasible               0.0129s
infeas/cplex2 done [2s]
  infeas/bgdbg1                    enomoto  #1 infeasible               0.0003s
  infeas/bgdbg1                    highs    #1 infeasible               0.0085s
  infeas/bgdbg1                    clp      #1 infeasible               0.0007s
  infeas/bgdbg1                    soplex   #1 infeasible               0.0011s
  infeas/bgdbg1                    highs    #2 infeasible               0.0012s
  infeas/bgdbg1                    clp      #2 infeasible               0.0007s
  infeas/bgdbg1                    soplex   #2 infeasible               0.0011s
  infeas/bgdbg1                    enomoto  #2 infeasible               0.0003s
  infeas/bgdbg1                    clp      #3 infeasible               0.0007s
  infeas/bgdbg1                    soplex   #3 infeasible               0.0010s
  infeas/bgdbg1                    enomoto  #3 infeasible               0.0003s
  infeas/bgdbg1                    highs    #3 infeasible               0.0013s
infeas/bgdbg1 done [2s]
  infeas/refinery                  enomoto  #1 infeasible               0.0049s
  infeas/refinery                  highs    #1 infeasible               0.0188s
  infeas/refinery                  clp      #1 infeasible               0.0075s
  infeas/refinery                  soplex   #1 infeasible               0.0052s
  infeas/refinery                  highs    #2 infeasible               0.0118s
  infeas/refinery                  clp      #2 infeasible               0.0077s
  infeas/refinery                  soplex   #2 infeasible               0.0044s
  infeas/refinery                  enomoto  #2 infeasible               0.0048s
  infeas/refinery                  clp      #3 infeasible               0.0071s
  infeas/refinery                  soplex   #3 infeasible               0.0045s
  infeas/refinery                  enomoto  #3 infeasible               0.0045s
  infeas/refinery                  highs    #3 infeasible               0.0122s
infeas/refinery done [2s]
  infeas/qual                      enomoto  #1 infeasible               0.0067s
  infeas/qual                      highs    #1 infeasible               0.0099s
  infeas/qual                      clp      #1 infeasible               0.0077s
  infeas/qual                      soplex   #1 infeasible               0.0086s
  infeas/qual                      highs    #2 infeasible               0.0148s
  infeas/qual                      clp      #2 infeasible               0.0071s
  infeas/qual                      soplex   #2 infeasible               0.0084s
  infeas/qual                      enomoto  #2 infeasible               0.0066s
  infeas/qual                      clp      #3 infeasible               0.0071s
  infeas/qual                      soplex   #3 infeasible               0.0083s
  infeas/qual                      enomoto  #3 infeasible               0.0063s
  infeas/qual                      highs    #3 infeasible               0.0140s
infeas/qual done [2s]
  infeas/vol1                      enomoto  #1 infeasible               0.0051s
  infeas/vol1                      highs    #1 infeasible               0.0179s
  infeas/vol1                      clp      #1 infeasible               0.0145s
  infeas/vol1                      soplex   #1 infeasible               0.0112s
  infeas/vol1                      highs    #2 infeasible               0.0181s
  infeas/vol1                      clp      #2 infeasible               0.0142s
  infeas/vol1                      soplex   #2 infeasible               0.0111s
  infeas/vol1                      enomoto  #2 infeasible               0.0050s
  infeas/vol1                      clp      #3 infeasible               0.0160s
  infeas/vol1                      soplex   #3 infeasible               0.0112s
  infeas/vol1                      enomoto  #3 infeasible               0.0054s
  infeas/vol1                      highs    #3 infeasible               0.0174s
infeas/vol1 done [2s]
  infeas/chemcom                   enomoto  #1 infeasible               0.0005s
  infeas/chemcom                   highs    #1 infeasible               0.0041s
  infeas/chemcom                   clp      #1 infeasible               0.0007s
  infeas/chemcom                   soplex   #1 infeasible               0.0015s
  infeas/chemcom                   highs    #2 infeasible               0.0036s
  infeas/chemcom                   clp      #2 infeasible               0.0007s
  infeas/chemcom                   soplex   #2 infeasible               0.0015s
  infeas/chemcom                   enomoto  #2 infeasible               0.0004s
  infeas/chemcom                   clp      #3 infeasible               0.0007s
  infeas/chemcom                   soplex   #3 infeasible               0.0015s
  infeas/chemcom                   enomoto  #3 infeasible               0.0004s
  infeas/chemcom                   highs    #3 infeasible               0.0158s
infeas/chemcom done [2s]
  infeas/pang                      enomoto  #1 infeasible               0.0092s
  infeas/pang                      highs    #1 infeasible               0.0164s
  infeas/pang                      clp      #1 infeasible               0.0118s
  infeas/pang                      soplex   #1 infeasible               0.0040s
  infeas/pang                      highs    #2 infeasible               0.0285s
  infeas/pang                      clp      #2 infeasible               0.0103s
  infeas/pang                      soplex   #2 infeasible               0.0041s
  infeas/pang                      enomoto  #2 infeasible               0.0108s
  infeas/pang                      clp      #3 infeasible               0.0107s
  infeas/pang                      soplex   #3 infeasible               0.0041s
  infeas/pang                      enomoto  #3 infeasible               0.0096s
  infeas/pang                      highs    #3 infeasible               0.0291s
infeas/pang done [3s]
  infeas/bgetam                    enomoto  #1 infeasible               0.0025s
  infeas/bgetam                    highs    #1 infeasible               0.0163s
  infeas/bgetam                    clp      #1 infeasible               0.0010s
  infeas/bgetam                    soplex   #1 infeasible               0.0025s
  infeas/bgetam                    highs    #2 infeasible               0.0063s
  infeas/bgetam                    clp      #2 infeasible               0.0029s
  infeas/bgetam                    soplex   #2 infeasible               0.0058s
  infeas/bgetam                    enomoto  #2 infeasible               0.0011s
  infeas/bgetam                    clp      #3 infeasible               0.0008s
  infeas/bgetam                    soplex   #3 infeasible               0.0024s
  infeas/bgetam                    enomoto  #3 infeasible               0.0010s
  infeas/bgetam                    highs    #3 infeasible               0.0184s
infeas/bgetam done [3s]
  infeas/mondou2                   enomoto  #1 infeasible               0.0018s
  infeas/mondou2                   highs    #1 infeasible               0.0081s
  infeas/mondou2                   clp      #1 infeasible               0.0027s
  infeas/mondou2                   soplex   #1 infeasible               0.0022s
  infeas/mondou2                   highs    #2 infeasible               0.0108s
  infeas/mondou2                   clp      #2 infeasible               0.0062s
  infeas/mondou2                   soplex   #2 infeasible               0.0048s
  infeas/mondou2                   enomoto  #2 infeasible               0.0017s
  infeas/mondou2                   clp      #3 infeasible               0.0077s
  infeas/mondou2                   soplex   #3 infeasible               0.0018s
  infeas/mondou2                   enomoto  #3 infeasible               0.0018s
  infeas/mondou2                   highs    #3 infeasible               0.0070s
infeas/mondou2 done [3s]
  infeas/reactor                   enomoto  #1 infeasible               0.0008s
  infeas/reactor                   highs    #1 infeasible               0.0016s
  infeas/reactor                   clp      #1 infeasible               0.0023s
  infeas/reactor                   soplex   #1 infeasible               0.0011s
  infeas/reactor                   highs    #2 infeasible               0.0077s
  infeas/reactor                   clp      #2 infeasible               0.0019s
  infeas/reactor                   soplex   #2 infeasible               0.0011s
  infeas/reactor                   enomoto  #2 infeasible               0.0005s
  infeas/reactor                   clp      #3 infeasible               0.0019s
  infeas/reactor                   soplex   #3 infeasible               0.0011s
  infeas/reactor                   enomoto  #3 infeasible               0.0005s
  infeas/reactor                   highs    #3 infeasible               0.0073s
infeas/reactor done [2s]
  infeas/klein2                    enomoto  #1 infeasible               0.0153s
  infeas/klein2                    highs    #1 infeasible               0.0153s
  infeas/klein2                    clp      #1 infeasible               0.0080s
  infeas/klein2                    soplex   #1 infeasible               0.0090s
  infeas/klein2                    highs    #2 infeasible               0.0167s
  infeas/klein2                    clp      #2 infeasible               0.0081s
  infeas/klein2                    soplex   #2 infeasible               0.0082s
  infeas/klein2                    enomoto  #2 infeasible               0.0150s
  infeas/klein2                    clp      #3 infeasible               0.0080s
  infeas/klein2                    soplex   #3 infeasible               0.0081s
  infeas/klein2                    enomoto  #3 infeasible               0.0146s
  infeas/klein2                    highs    #3 infeasible               0.0169s
infeas/klein2 done [2s]
  infeas/pilot4i                   enomoto  #1 infeasible               0.0007s
  infeas/pilot4i                   highs    #1 infeasible               0.0027s
  infeas/pilot4i                   clp      #1 infeasible               0.0200s
  infeas/pilot4i                   soplex   #1 infeasible               0.0015s
  infeas/pilot4i                   highs    #2 infeasible               0.0021s
  infeas/pilot4i                   clp      #2 infeasible               0.0185s
  infeas/pilot4i                   soplex   #2 infeasible               0.0015s
  infeas/pilot4i                   enomoto  #2 infeasible               0.0007s
  infeas/pilot4i                   clp      #3 infeasible               0.0186s
  infeas/pilot4i                   soplex   #3 infeasible               0.0018s
  infeas/pilot4i                   enomoto  #3 infeasible               0.0016s
  infeas/pilot4i                   highs    #3 infeasible               0.0027s
infeas/pilot4i done [2s]
  infeas/klein3                    enomoto  #1 infeasible               0.0570s
  infeas/klein3                    highs    #1 infeasible               0.0401s
  infeas/klein3                    clp      #1 infeasible               0.0277s
  infeas/klein3                    soplex   #1 infeasible               0.0273s
  infeas/klein3                    highs    #2 infeasible               0.0415s
  infeas/klein3                    clp      #2 infeasible               0.0277s
  infeas/klein3                    soplex   #2 infeasible               0.0277s
  infeas/klein3                    enomoto  #2 infeasible               0.0608s
  infeas/klein3                    clp      #3 infeasible               0.0276s
  infeas/klein3                    soplex   #3 infeasible               0.0279s
  infeas/klein3                    enomoto  #3 infeasible               0.0602s
  infeas/klein3                    highs    #3 infeasible               0.0393s
infeas/klein3 done [3s]
  infeas/cplex1                    enomoto  #1 infeasible               0.0067s
  infeas/cplex1                    highs    #1 infeasible               0.1307s
  infeas/cplex1                    clp      #1 infeasible               0.1143s
  infeas/cplex1                    soplex   #1 infeasible               0.0128s
  infeas/cplex1                    highs    #2 infeasible               0.3139s
  infeas/cplex1                    clp      #2 infeasible               0.0441s
  infeas/cplex1                    soplex   #2 infeasible               0.0131s
  infeas/cplex1                    enomoto  #2 infeasible               0.0077s
  infeas/cplex1                    clp      #3 infeasible               0.0457s
  infeas/cplex1                    soplex   #3 infeasible               0.0129s
  infeas/cplex1                    enomoto  #3 infeasible               0.0062s
  infeas/cplex1                    highs    #3 infeasible               0.1230s
infeas/cplex1 done [3s]
  infeas/ceria3d                   enomoto  #1 infeasible               0.0021s
  infeas/ceria3d                   highs    #1 infeasible               0.0153s
  infeas/ceria3d                   clp      #1 infeasible               0.3534s
  infeas/ceria3d                   soplex   #1 infeasible               0.0088s
  infeas/ceria3d                   highs    #2 infeasible               0.0132s
  infeas/ceria3d                   clp      #2 infeasible               0.1525s
  infeas/ceria3d                   soplex   #2 infeasible               0.0089s
  infeas/ceria3d                   enomoto  #2 infeasible               0.0015s
  infeas/ceria3d                   clp      #3 infeasible               0.1587s
  infeas/ceria3d                   soplex   #3 infeasible               0.0090s
  infeas/ceria3d                   enomoto  #3 infeasible               0.0021s
  infeas/ceria3d                   highs    #3 infeasible               0.0147s
infeas/ceria3d done [4s]
  infeas/gran                      enomoto  #1 infeasible               0.0030s
  infeas/gran                      highs    #1 infeasible               0.0131s
  infeas/gran                      clp      #1 infeasible               0.1144s
  infeas/gran                      soplex   #1 infeasible               0.0194s
  infeas/gran                      highs    #2 infeasible               0.0138s
  infeas/gran                      clp      #2 infeasible               0.1108s
  infeas/gran                      soplex   #2 infeasible               0.0101s
  infeas/gran                      enomoto  #2 infeasible               0.0027s
  infeas/gran                      clp      #3 infeasible               0.1103s
  infeas/gran                      soplex   #3 infeasible               0.0099s
  infeas/gran                      enomoto  #3 infeasible               0.0027s
  infeas/gran                      highs    #3 infeasible               0.0100s
infeas/gran done [4s]
  infeas/greenbea                  enomoto  #1 infeasible               0.0041s
  infeas/greenbea                  highs    #1 infeasible               0.0162s
  infeas/greenbea                  clp      #1 infeasible               0.2725s
  infeas/greenbea                  soplex   #1 infeasible               0.0227s
  infeas/greenbea                  highs    #2 infeasible               0.0200s
  infeas/greenbea                  clp      #2 infeasible               0.2777s
  infeas/greenbea                  soplex   #2 infeasible               0.0213s
  infeas/greenbea                  enomoto  #2 infeasible               0.0043s
  infeas/greenbea                  clp      #3 infeasible               0.2780s
  infeas/greenbea                  soplex   #3 infeasible               0.0216s
  infeas/greenbea                  enomoto  #3 infeasible               0.0041s
  infeas/greenbea                  highs    #3 infeasible               0.0149s
infeas/greenbea done [4s]
  infeas/bgindy                    enomoto  #1 infeasible               0.0058s
  infeas/bgindy                    highs    #1 infeasible               0.0198s
  infeas/bgindy                    clp      #1 infeasible               0.0163s
  infeas/bgindy                    soplex   #1 infeasible               0.0396s
  infeas/bgindy                    highs    #2 infeasible               0.0177s
  infeas/bgindy                    clp      #2 infeasible               0.0160s
  infeas/bgindy                    soplex   #2 infeasible               0.0398s
  infeas/bgindy                    enomoto  #2 infeasible               0.0054s
  infeas/bgindy                    clp      #3 infeasible               0.0179s
  infeas/bgindy                    soplex   #3 infeasible               0.0398s
  infeas/bgindy                    enomoto  #3 infeasible               0.0054s
  infeas/bgindy                    highs    #3 infeasible               0.0216s
infeas/bgindy done [3s]
  infeas/gosh                      enomoto  #1 infeasible               0.0222s
  infeas/gosh                      highs    #1 infeasible               0.0263s
  infeas/gosh                      clp      #1 infeasible               1.4973s
  infeas/gosh                      soplex   #1 infeasible               0.0643s
  infeas/gosh                      highs    #2 infeasible               0.0676s
  infeas/gosh                      clp      #2 infeasible               2.2771s
  infeas/gosh                      soplex   #2 infeasible               0.0637s
  infeas/gosh                      enomoto  #2 infeasible               0.0257s
  infeas/gosh                      clp      #3 infeasible               1.5321s
  infeas/gosh                      soplex   #3 infeasible               0.0652s
  infeas/gosh                      enomoto  #3 infeasible               0.0512s
  infeas/gosh                      highs    #3 infeasible               0.0370s
infeas/gosh done [10s]
  infeas_dual/itest2_dual          enomoto  #1 unbounded                0.0003s
  infeas_dual/itest2_dual          highs    #1 unbounded                0.0016s
  infeas_dual/itest2_dual          clp      #1 unbounded                0.0004s
  infeas_dual/itest2_dual          soplex   #1 unbounded                0.0005s
  infeas_dual/itest2_dual          highs    #2 unbounded                0.0014s
  infeas_dual/itest2_dual          clp      #2 unbounded                0.0004s
  infeas_dual/itest2_dual          soplex   #2 unbounded                0.0004s
  infeas_dual/itest2_dual          enomoto  #2 unbounded                0.0003s
  infeas_dual/itest2_dual          clp      #3 unbounded                0.0004s
  infeas_dual/itest2_dual          soplex   #3 unbounded                0.0004s
  infeas_dual/itest2_dual          enomoto  #3 unbounded                0.0005s
  infeas_dual/itest2_dual          highs    #3 unbounded                0.0072s
infeas_dual/itest2_dual done [3s]
  infeas_dual/itest6_dual          enomoto  #1 unbounded                0.0003s
  infeas_dual/itest6_dual          highs    #1 unbounded                0.0060s
  infeas_dual/itest6_dual          clp      #1 unbounded                0.0005s
  infeas_dual/itest6_dual          soplex   #1 unbounded                0.0005s
  infeas_dual/itest6_dual          highs    #2 unbounded                0.0013s
  infeas_dual/itest6_dual          clp      #2 unbounded                0.0005s
  infeas_dual/itest6_dual          soplex   #2 unbounded                0.0004s
  infeas_dual/itest6_dual          enomoto  #2 unbounded                0.0003s
  infeas_dual/itest6_dual          clp      #3 unbounded                0.0004s
  infeas_dual/itest6_dual          soplex   #3 unbounded                0.0004s
  infeas_dual/itest6_dual          enomoto  #3 unbounded                0.0003s
  infeas_dual/itest6_dual          highs    #3 unbounded                0.0080s
infeas_dual/itest6_dual done [2s]
  infeas_dual/galenet_dual         enomoto  #1 unbounded                0.0003s
  infeas_dual/galenet_dual         highs    #1 unbounded                0.0014s
  infeas_dual/galenet_dual         clp      #1 unbounded                0.0004s
  infeas_dual/galenet_dual         soplex   #1 unbounded                0.0005s
  infeas_dual/galenet_dual         highs    #2 unbounded                0.0011s
  infeas_dual/galenet_dual         clp      #2 unbounded                0.0005s
  infeas_dual/galenet_dual         soplex   #2 unbounded                0.0004s
  infeas_dual/galenet_dual         enomoto  #2 unbounded                0.0003s
  infeas_dual/galenet_dual         clp      #3 unbounded                0.0005s
  infeas_dual/galenet_dual         soplex   #3 unbounded                0.0005s
  infeas_dual/galenet_dual         enomoto  #3 unbounded                0.0003s
  infeas_dual/galenet_dual         highs    #3 unbounded                0.0076s
infeas_dual/galenet_dual done [2s]
  infeas_dual/bgprtr_dual          enomoto  #1 unbounded                0.0004s
  infeas_dual/bgprtr_dual          highs    #1 unbounded                0.0013s
  infeas_dual/bgprtr_dual          clp      #1 unbounded                0.0007s
  infeas_dual/bgprtr_dual          soplex   #1 unbounded                0.0054s
  infeas_dual/bgprtr_dual          highs    #2 unbounded                0.0013s
  infeas_dual/bgprtr_dual          clp      #2 unbounded                0.0007s
  infeas_dual/bgprtr_dual          soplex   #2 unbounded                0.0047s
  infeas_dual/bgprtr_dual          enomoto  #2 unbounded                0.0004s
  infeas_dual/bgprtr_dual          clp      #3 unbounded                0.0009s
  infeas_dual/bgprtr_dual          soplex   #3 unbounded                0.0046s
  infeas_dual/bgprtr_dual          enomoto  #3 unbounded                0.0003s
  infeas_dual/bgprtr_dual          highs    #3 unbounded                0.0020s
infeas_dual/bgprtr_dual done [2s]
  infeas_dual/woodinfe_dual        enomoto  #1 unbounded                0.0005s
  infeas_dual/woodinfe_dual        highs    #1 unbounded                0.0019s
  infeas_dual/woodinfe_dual        clp      #1 unbounded                0.0007s
  infeas_dual/woodinfe_dual        soplex   #1 unbounded                0.0007s
  infeas_dual/woodinfe_dual        highs    #2 unbounded                0.0015s
  infeas_dual/woodinfe_dual        clp      #2 unbounded                0.0007s
  infeas_dual/woodinfe_dual        soplex   #2 unbounded                0.0006s
  infeas_dual/woodinfe_dual        enomoto  #2 unbounded                0.0005s
  infeas_dual/woodinfe_dual        clp      #3 unbounded                0.0008s
  infeas_dual/woodinfe_dual        soplex   #3 unbounded                0.0006s
  infeas_dual/woodinfe_dual        enomoto  #3 unbounded                0.0005s
  infeas_dual/woodinfe_dual        highs    #3 unbounded                0.0020s
infeas_dual/woodinfe_dual done [2s]
  infeas_dual/forest6_dual         enomoto  #1 unbounded                0.0008s
  infeas_dual/forest6_dual         highs    #1 unbounded                0.0020s
  infeas_dual/forest6_dual         clp      #1 unbounded                0.0013s
  infeas_dual/forest6_dual         soplex   #1 unbounded                0.0015s
  infeas_dual/forest6_dual         highs    #2 unbounded                0.0071s
  infeas_dual/forest6_dual         clp      #2 unbounded                0.0010s
  infeas_dual/forest6_dual         soplex   #2 unbounded                0.0013s
  infeas_dual/forest6_dual         enomoto  #2 unbounded                0.0008s
  infeas_dual/forest6_dual         clp      #3 unbounded                0.0010s
  infeas_dual/forest6_dual         soplex   #3 unbounded                0.0013s
  infeas_dual/forest6_dual         enomoto  #3 unbounded                0.0008s
  infeas_dual/forest6_dual         highs    #3 unbounded                0.0021s
infeas_dual/forest6_dual done [2s]
  infeas_dual/klein1_dual          enomoto  #1 unbounded                0.0018s
  infeas_dual/klein1_dual          highs    #1 unbounded                0.0039s
  infeas_dual/klein1_dual          clp      #1 unbounded                0.0025s
  infeas_dual/klein1_dual          soplex   #1 unbounded                0.0042s
  infeas_dual/klein1_dual          highs    #2 unbounded                0.0038s
  infeas_dual/klein1_dual          clp      #2 unbounded                0.0021s
  infeas_dual/klein1_dual          soplex   #2 unbounded                0.0039s
  infeas_dual/klein1_dual          enomoto  #2 unbounded                0.0018s
  infeas_dual/klein1_dual          clp      #3 unbounded                0.0022s
  infeas_dual/klein1_dual          soplex   #3 unbounded                0.0037s
  infeas_dual/klein1_dual          enomoto  #3 unbounded                0.0019s
  infeas_dual/klein1_dual          highs    #3 unbounded                0.0037s
infeas_dual/klein1_dual done [2s]
  infeas_dual/ex73a_dual           enomoto  #1 unbounded                0.0017s
  infeas_dual/ex73a_dual           highs    #1 unbounded                0.0063s
  infeas_dual/ex73a_dual           clp      #1 unbounded                0.0045s
  infeas_dual/ex73a_dual           soplex   #1 unbounded                0.0027s
  infeas_dual/ex73a_dual           highs    #2 unbounded                0.0025s
  infeas_dual/ex73a_dual           clp      #2 unbounded                0.0037s
  infeas_dual/ex73a_dual           soplex   #2 unbounded                0.0021s
  infeas_dual/ex73a_dual           enomoto  #2 unbounded                0.0016s
  infeas_dual/ex73a_dual           clp      #3 unbounded                0.0038s
  infeas_dual/ex73a_dual           soplex   #3 unbounded                0.0021s
  infeas_dual/ex73a_dual           enomoto  #3 unbounded                0.0017s
  infeas_dual/ex73a_dual           highs    #3 unbounded                0.0031s
infeas_dual/ex73a_dual done [2s]
  infeas_dual/ex72a_dual           enomoto  #1 unbounded                0.0018s
  infeas_dual/ex72a_dual           highs    #1 unbounded                0.0061s
  infeas_dual/ex72a_dual           clp      #1 unbounded                0.0017s
  infeas_dual/ex72a_dual           soplex   #1 unbounded                0.0030s
  infeas_dual/ex72a_dual           highs    #2 unbounded                0.0023s
  infeas_dual/ex72a_dual           clp      #2 unbounded                0.0016s
  infeas_dual/ex72a_dual           soplex   #2 unbounded                0.0024s
  infeas_dual/ex72a_dual           enomoto  #2 unbounded                0.0018s
  infeas_dual/ex72a_dual           clp      #3 unbounded                0.0015s
  infeas_dual/ex72a_dual           soplex   #3 unbounded                0.0026s
  infeas_dual/ex72a_dual           enomoto  #3 unbounded                0.0018s
  infeas_dual/ex72a_dual           highs    #3 unbounded                0.0069s
infeas_dual/ex72a_dual done [2s]
  infeas_dual/box1_dual            enomoto  #1 unbounded                0.0018s
  infeas_dual/box1_dual            highs    #1 unbounded                0.0039s
  infeas_dual/box1_dual            clp      #1 unbounded                0.0021s
  infeas_dual/box1_dual            soplex   #1 unbounded                0.0025s
  infeas_dual/box1_dual            highs    #2 unbounded                0.0035s
  infeas_dual/box1_dual            clp      #2 unbounded                0.0018s
  infeas_dual/box1_dual            soplex   #2 unbounded                0.0021s
  infeas_dual/box1_dual            enomoto  #2 unbounded                0.0020s
  infeas_dual/box1_dual            clp      #3 unbounded                0.0019s
  infeas_dual/box1_dual            soplex   #3 unbounded                0.0022s
  infeas_dual/box1_dual            enomoto  #3 unbounded                0.0019s
  infeas_dual/box1_dual            highs    #3 unbounded                0.0043s
infeas_dual/box1_dual done [2s]
  infeas_dual/cplex2_dual          enomoto  #1 unbounded                0.0112s
  infeas_dual/cplex2_dual          highs    #1 optimal                  0.0157s
  infeas_dual/cplex2_dual          clp      #1 optimal                  0.0064s
  infeas_dual/cplex2_dual          soplex   #1 optimal                  0.0048s
  infeas_dual/cplex2_dual          highs    #2 optimal                  0.0176s
  infeas_dual/cplex2_dual          clp      #2 optimal                  0.0055s
  infeas_dual/cplex2_dual          soplex   #2 optimal                  0.0048s
  infeas_dual/cplex2_dual          enomoto  #2 unbounded                0.0109s
  infeas_dual/cplex2_dual          clp      #3 optimal                  0.0066s
  infeas_dual/cplex2_dual          soplex   #3 optimal                  0.0048s
  infeas_dual/cplex2_dual          enomoto  #3 unbounded                0.0107s
  infeas_dual/cplex2_dual          highs    #3 optimal                  0.0153s
infeas_dual/cplex2_dual done [2s]
  infeas_dual/bgdbg1_dual          enomoto  #1 unbounded                0.0023s
  infeas_dual/bgdbg1_dual          highs    #1 unbounded                0.0073s
  infeas_dual/bgdbg1_dual          clp      #1 unbounded                0.0041s
  infeas_dual/bgdbg1_dual          soplex   #1 unbounded                0.0024s
  infeas_dual/bgdbg1_dual          highs    #2 unbounded                0.0127s
  infeas_dual/bgdbg1_dual          clp      #2 unbounded                0.0033s
  infeas_dual/bgdbg1_dual          soplex   #2 unbounded                0.0024s
  infeas_dual/bgdbg1_dual          enomoto  #2 unbounded                0.0022s
  infeas_dual/bgdbg1_dual          clp      #3 unbounded                0.0033s
  infeas_dual/bgdbg1_dual          soplex   #3 unbounded                0.0025s
  infeas_dual/bgdbg1_dual          enomoto  #3 unbounded                0.0022s
  infeas_dual/bgdbg1_dual          highs    #3 unbounded                0.0129s
infeas_dual/bgdbg1_dual done [2s]
  infeas_dual/chemcom_dual         enomoto  #1 unbounded                0.0071s
  infeas_dual/chemcom_dual         highs    #1 unbounded                0.0260s
  infeas_dual/chemcom_dual         clp      #1 unbounded                0.0077s
  infeas_dual/chemcom_dual         soplex   #1 unbounded                0.0212s
  infeas_dual/chemcom_dual         highs    #2 unbounded                0.0138s
  infeas_dual/chemcom_dual         clp      #2 unbounded                0.0071s
  infeas_dual/chemcom_dual         soplex   #2 unbounded                0.0210s
  infeas_dual/chemcom_dual         enomoto  #2 unbounded                0.0081s
  infeas_dual/chemcom_dual         clp      #3 unbounded                0.0072s
  infeas_dual/chemcom_dual         soplex   #3 unbounded                0.0219s
  infeas_dual/chemcom_dual         enomoto  #3 unbounded                0.0071s
  infeas_dual/chemcom_dual         highs    #3 unbounded                0.0178s
infeas_dual/chemcom_dual done [2s]
  infeas_dual/refinery_dual        enomoto  #1 unbounded                0.0080s
  infeas_dual/refinery_dual        highs    #1 unbounded                0.0111s
  infeas_dual/refinery_dual        clp      #1 unbounded                0.0153s
  infeas_dual/refinery_dual        soplex   #1 unbounded                0.0084s
  infeas_dual/refinery_dual        highs    #2 unbounded                0.0166s
  infeas_dual/refinery_dual        clp      #2 unbounded                0.0142s
  infeas_dual/refinery_dual        soplex   #2 unbounded                0.0090s
  infeas_dual/refinery_dual        enomoto  #2 unbounded                0.0095s
  infeas_dual/refinery_dual        clp      #3 unbounded                0.0157s
  infeas_dual/refinery_dual        soplex   #3 unbounded                0.0084s
  infeas_dual/refinery_dual        enomoto  #3 unbounded                0.0085s
  infeas_dual/refinery_dual        highs    #3 unbounded                0.0171s
infeas_dual/refinery_dual done [3s]
  infeas_dual/qual_dual            enomoto  #1 unbounded                0.0123s
  infeas_dual/qual_dual            highs    #1 unbounded                0.0163s
  infeas_dual/qual_dual            clp      #1 optimal                  0.0225s
  infeas_dual/qual_dual            soplex   #1 unbounded                0.0173s
  infeas_dual/qual_dual            highs    #2 unbounded                0.0170s
  infeas_dual/qual_dual            clp      #2 optimal                  0.0209s
  infeas_dual/qual_dual            soplex   #2 unbounded                0.0185s
  infeas_dual/qual_dual            enomoto  #2 unbounded                0.0101s
  infeas_dual/qual_dual            clp      #3 optimal                  0.0206s
  infeas_dual/qual_dual            soplex   #3 unbounded                0.0167s
  infeas_dual/qual_dual            enomoto  #3 unbounded                0.0111s
  infeas_dual/qual_dual            highs    #3 unbounded                0.0191s
infeas_dual/qual_dual done [3s]
  infeas_dual/vol1_dual            enomoto  #1 unbounded                0.0109s
  infeas_dual/vol1_dual            highs    #1 unbounded                0.0172s
  infeas_dual/vol1_dual            clp      #1 unbounded                0.0183s
  infeas_dual/vol1_dual            soplex   #1 unbounded                0.0138s
  infeas_dual/vol1_dual            highs    #2 unbounded                0.0107s
  infeas_dual/vol1_dual            clp      #2 unbounded                0.0184s
  infeas_dual/vol1_dual            soplex   #2 unbounded                0.0135s
  infeas_dual/vol1_dual            enomoto  #2 unbounded                0.0124s
  infeas_dual/vol1_dual            clp      #3 unbounded                0.0181s
  infeas_dual/vol1_dual            soplex   #3 unbounded                0.0161s
  infeas_dual/vol1_dual            enomoto  #3 unbounded                0.0103s
  infeas_dual/vol1_dual            highs    #3 unbounded                0.0165s
infeas_dual/vol1_dual done [3s]
  infeas_dual/mondou2_dual         enomoto  #1 unbounded                0.0086s
  infeas_dual/mondou2_dual         highs    #1 unbounded                0.0122s
  infeas_dual/mondou2_dual         clp      #1 unbounded                0.0078s
  infeas_dual/mondou2_dual         soplex   #1 unbounded                0.0047s
  infeas_dual/mondou2_dual         highs    #2 unbounded                0.0095s
  infeas_dual/mondou2_dual         clp      #2 unbounded                0.0069s
  infeas_dual/mondou2_dual         soplex   #2 unbounded                0.0048s
  infeas_dual/mondou2_dual         enomoto  #2 unbounded                0.0136s
  infeas_dual/mondou2_dual         clp      #3 unbounded                0.0073s
  infeas_dual/mondou2_dual         soplex   #3 unbounded                0.0047s
  infeas_dual/mondou2_dual         enomoto  #3 unbounded                0.0090s
  infeas_dual/mondou2_dual         highs    #3 unbounded                0.0120s
infeas_dual/mondou2_dual done [2s]
  infeas_dual/pang_dual            enomoto  #1 unbounded                0.0075s
  infeas_dual/pang_dual            highs    #1 unbounded                0.0144s
  infeas_dual/pang_dual            clp      #1 unbounded                0.0062s
  infeas_dual/pang_dual            soplex   #1 unbounded                0.0038s
  infeas_dual/pang_dual            highs    #2 unbounded                0.0134s
  infeas_dual/pang_dual            clp      #2 unbounded                0.0057s
  infeas_dual/pang_dual            soplex   #2 unbounded                0.0044s
  infeas_dual/pang_dual            enomoto  #2 unbounded                0.0078s
  infeas_dual/pang_dual            clp      #3 unbounded                0.0059s
  infeas_dual/pang_dual            soplex   #3 unbounded                0.0040s
  infeas_dual/pang_dual            enomoto  #3 unbounded                0.0094s
  infeas_dual/pang_dual            highs    #3 unbounded                0.0137s
infeas_dual/pang_dual done [3s]
  infeas_dual/bgetam_dual          enomoto  #1 unbounded                0.0174s
  infeas_dual/bgetam_dual          highs    #1 unbounded                0.0199s
  infeas_dual/bgetam_dual          clp      #1 unbounded                0.0202s
  infeas_dual/bgetam_dual          soplex   #1 unbounded                0.0035s
  infeas_dual/bgetam_dual          highs    #2 unbounded                0.0232s
  infeas_dual/bgetam_dual          clp      #2 unbounded                0.0208s
  infeas_dual/bgetam_dual          soplex   #2 unbounded                0.0036s
  infeas_dual/bgetam_dual          enomoto  #2 unbounded                0.0148s
  infeas_dual/bgetam_dual          clp      #3 unbounded                0.0213s
  infeas_dual/bgetam_dual          soplex   #3 unbounded                0.0040s
  infeas_dual/bgetam_dual          enomoto  #3 unbounded                0.0110s
  infeas_dual/bgetam_dual          highs    #3 unbounded                0.0201s
infeas_dual/bgetam_dual done [3s]
  infeas_dual/reactor_dual         enomoto  #1 unbounded                0.0074s
  infeas_dual/reactor_dual         highs    #1 unbounded                0.0121s
  infeas_dual/reactor_dual         clp      #1 unbounded                0.0113s
  infeas_dual/reactor_dual         soplex   #1 unbounded                0.0027s
  infeas_dual/reactor_dual         highs    #2 unbounded                0.0175s
  infeas_dual/reactor_dual         clp      #2 unbounded                0.0114s
  infeas_dual/reactor_dual         soplex   #2 unbounded                0.0028s
  infeas_dual/reactor_dual         enomoto  #2 unbounded                0.0077s
  infeas_dual/reactor_dual         clp      #3 unbounded                0.0131s
  infeas_dual/reactor_dual         soplex   #3 unbounded                0.0028s
  infeas_dual/reactor_dual         enomoto  #3 unbounded                0.0070s
  infeas_dual/reactor_dual         highs    #3 unbounded                0.0132s
infeas_dual/reactor_dual done [3s]
  infeas_dual/klein2_dual          enomoto  #1 unbounded                0.0282s
  infeas_dual/klein2_dual          highs    #1 unbounded                0.0363s
  infeas_dual/klein2_dual          clp      #1 unbounded                0.0080s
  infeas_dual/klein2_dual          soplex   #1 unbounded                0.0090s
  infeas_dual/klein2_dual          highs    #2 unbounded                0.0346s
  infeas_dual/klein2_dual          clp      #2 unbounded                0.0073s
  infeas_dual/klein2_dual          soplex   #2 unbounded                0.0097s
  infeas_dual/klein2_dual          enomoto  #2 unbounded                0.0261s
  infeas_dual/klein2_dual          clp      #3 unbounded                0.0074s
  infeas_dual/klein2_dual          soplex   #3 unbounded                0.0092s
  infeas_dual/klein2_dual          enomoto  #3 unbounded                0.0250s
  infeas_dual/klein2_dual          highs    #3 unbounded                0.0359s
infeas_dual/klein2_dual done [3s]
  infeas_dual/pilot4i_dual         enomoto  #1 unbounded                0.0610s
  infeas_dual/pilot4i_dual         highs    #1 unbounded                0.0837s
  infeas_dual/pilot4i_dual         clp      #1 unbounded                0.0799s
  infeas_dual/pilot4i_dual         soplex   #1 unbounded                0.0057s
  infeas_dual/pilot4i_dual         highs    #2 unbounded                0.0842s
  infeas_dual/pilot4i_dual         clp      #2 unbounded                0.0805s
  infeas_dual/pilot4i_dual         soplex   #2 unbounded                0.0056s
  infeas_dual/pilot4i_dual         enomoto  #2 unbounded                0.0693s
  infeas_dual/pilot4i_dual         clp      #3 unbounded                0.0815s
  infeas_dual/pilot4i_dual         soplex   #3 unbounded                0.0056s
  infeas_dual/pilot4i_dual         enomoto  #3 unbounded                0.0557s
  infeas_dual/pilot4i_dual         highs    #3 unbounded                0.0867s
infeas_dual/pilot4i_dual done [3s]
  infeas_dual/klein3_dual          enomoto  #1 unbounded                0.2868s
  infeas_dual/klein3_dual          highs    #1 unbounded                0.1000s
  infeas_dual/klein3_dual          clp      #1 unbounded                0.0457s
  infeas_dual/klein3_dual          soplex   #1 unbounded                0.1171s
  infeas_dual/klein3_dual          highs    #2 unbounded                0.0971s
  infeas_dual/klein3_dual          clp      #2 unbounded                0.0453s
  infeas_dual/klein3_dual          soplex   #2 unbounded                0.0415s
  infeas_dual/klein3_dual          enomoto  #2 unbounded                0.1631s
  infeas_dual/klein3_dual          clp      #3 unbounded                0.0473s
  infeas_dual/klein3_dual          soplex   #3 unbounded                0.0420s
  infeas_dual/klein3_dual          enomoto  #3 unbounded                0.1407s
  infeas_dual/klein3_dual          highs    #3 unbounded                0.1132s
infeas_dual/klein3_dual done [5s]
  infeas_dual/cplex1_dual          enomoto  #1 unbounded                0.0717s
  infeas_dual/cplex1_dual          highs    #1 unbounded                0.2462s
  infeas_dual/cplex1_dual          clp      #1 unbounded                0.0576s
  infeas_dual/cplex1_dual          soplex   #1 unbounded                0.0647s
  infeas_dual/cplex1_dual          highs    #2 unbounded                0.2539s
  infeas_dual/cplex1_dual          clp      #2 unbounded                0.0551s
  infeas_dual/cplex1_dual          soplex   #2 unbounded                0.0644s
  infeas_dual/cplex1_dual          enomoto  #2 unbounded                0.0727s
  infeas_dual/cplex1_dual          clp      #3 unbounded                0.0577s
  infeas_dual/cplex1_dual          soplex   #3 unbounded                0.1742s
  infeas_dual/cplex1_dual          enomoto  #3 unbounded                0.0714s
  infeas_dual/cplex1_dual          highs    #3 unbounded                0.2483s
infeas_dual/cplex1_dual done [5s]
  infeas_dual/ceria3d_dual         enomoto  #1 unbounded                0.0100s
  infeas_dual/ceria3d_dual         highs    #1 unbounded                0.0769s
  infeas_dual/ceria3d_dual         clp      #1 unbounded                0.0430s
  infeas_dual/ceria3d_dual         soplex   #1 unbounded                0.0210s
  infeas_dual/ceria3d_dual         highs    #2 unbounded                0.1769s
  infeas_dual/ceria3d_dual         clp      #2 unbounded                0.0369s
  infeas_dual/ceria3d_dual         soplex   #2 unbounded                0.0214s
  infeas_dual/ceria3d_dual         enomoto  #2 unbounded                0.0223s
  infeas_dual/ceria3d_dual         clp      #3 unbounded                0.0370s
  infeas_dual/ceria3d_dual         soplex   #3 unbounded                0.0215s
  infeas_dual/ceria3d_dual         enomoto  #3 unbounded                0.0129s
  infeas_dual/ceria3d_dual         highs    #3 unbounded                0.1162s
infeas_dual/ceria3d_dual done [4s]
  infeas_dual/gran_dual            enomoto  #1 unbounded                0.1311s
  infeas_dual/gran_dual            highs    #1 unbounded                0.1553s
  infeas_dual/gran_dual            clp      #1 unbounded                9.0056s
  infeas_dual/gran_dual            soplex   #1 unbounded                0.0246s
  infeas_dual/gran_dual            highs    #2 unbounded                0.1647s
  infeas_dual/gran_dual            clp      #2 unbounded                7.1244s
  infeas_dual/gran_dual            soplex   #2 unbounded                0.0226s
  infeas_dual/gran_dual            enomoto  #2 unbounded                0.1311s
  infeas_dual/gran_dual            clp      #3 unbounded                7.4332s
  infeas_dual/gran_dual            soplex   #3 unbounded                0.0228s
  infeas_dual/gran_dual            enomoto  #3 unbounded                0.1358s
  infeas_dual/gran_dual            highs    #3 unbounded                0.1593s
infeas_dual/gran_dual done [27s]
  infeas_dual/greenbea_dual        enomoto  #1 unbounded                0.6275s
  infeas_dual/greenbea_dual        highs    #1 unbounded                3.1062s
  infeas_dual/greenbea_dual        clp      #1 unbounded                2.0288s
  infeas_dual/greenbea_dual        soplex   #1 unbounded                0.0289s
  infeas_dual/greenbea_dual        highs    #2 unbounded                3.0420s
  infeas_dual/greenbea_dual        clp      #2 unbounded                2.0384s
  infeas_dual/greenbea_dual        soplex   #2 unbounded                0.0296s
  infeas_dual/greenbea_dual        enomoto  #2 unbounded                0.6765s
  infeas_dual/greenbea_dual        clp      #3 unbounded                2.2425s
  infeas_dual/greenbea_dual        soplex   #3 unbounded                0.0287s
  infeas_dual/greenbea_dual        enomoto  #3 unbounded                0.6301s
  infeas_dual/greenbea_dual        highs    #3 unbounded                2.9934s
infeas_dual/greenbea_dual done [21s]
  infeas_dual/bgindy_dual          enomoto  #1 unbounded                0.0328s
  infeas_dual/bgindy_dual          highs    #1 unbounded                0.0729s
  infeas_dual/bgindy_dual          clp      #1 unbounded                0.0645s
  infeas_dual/bgindy_dual          soplex   #1 unbounded                0.1647s
  infeas_dual/bgindy_dual          highs    #2 unbounded                0.0707s
  infeas_dual/bgindy_dual          clp      #2 unbounded                0.0656s
  infeas_dual/bgindy_dual          soplex   #2 unbounded                0.1612s
  infeas_dual/bgindy_dual          enomoto  #2 unbounded                0.0389s
  infeas_dual/bgindy_dual          clp      #3 unbounded                0.0715s
  infeas_dual/bgindy_dual          soplex   #3 unbounded                0.1610s
  infeas_dual/bgindy_dual          enomoto  #3 unbounded                0.0372s
  infeas_dual/bgindy_dual          highs    #3 unbounded                0.0761s
infeas_dual/bgindy_dual done [5s]
  infeas_dual/gosh_dual            enomoto  #1 unbounded                0.5088s
  infeas_dual/gosh_dual            highs    #1 unbounded                8.0267s
  infeas_dual/gosh_dual            clp      #1 unbounded                5.3349s
  infeas_dual/gosh_dual            soplex   #1 unbounded                0.5049s
  infeas_dual/gosh_dual            highs    #2 unbounded                8.1154s
  infeas_dual/gosh_dual            clp      #2 unbounded                5.3867s
  infeas_dual/gosh_dual            soplex   #2 unbounded                0.5179s
  infeas_dual/gosh_dual            enomoto  #2 unbounded                0.4702s
  infeas_dual/gosh_dual            clp      #3 unbounded                5.3743s
  infeas_dual/gosh_dual            soplex   #3 unbounded                0.5299s
  infeas_dual/gosh_dual            enomoto  #3 unbounded                0.5024s
  infeas_dual/gosh_dual            highs    #3 unbounded                7.6651s
infeas_dual/gosh_dual done [48s]
  kennington/cre-c                 enomoto  #1 optimal                  0.0738s
  kennington/cre-c                 highs    #1 optimal                  0.0832s
  kennington/cre-c                 clp      #1 optimal                  0.0430s
  kennington/cre-c                 soplex   #1 optimal                  0.0767s
  kennington/cre-c                 highs    #2 optimal                  0.0769s
  kennington/cre-c                 clp      #2 optimal                  0.0429s
  kennington/cre-c                 soplex   #2 optimal                  0.0800s
  kennington/cre-c                 enomoto  #2 optimal                  0.0811s
  kennington/cre-c                 clp      #3 optimal                  0.0427s
  kennington/cre-c                 soplex   #3 optimal                  0.0808s
  kennington/cre-c                 enomoto  #3 optimal                  0.0698s
  kennington/cre-c                 highs    #3 optimal                  0.0759s
kennington/cre-c done [4s]
  kennington/cre-a                 enomoto  #1 optimal                  0.0841s
  kennington/cre-a                 highs    #1 optimal                  0.0748s
  kennington/cre-a                 clp      #1 optimal                  0.0435s
  kennington/cre-a                 soplex   #1 optimal                  0.1160s
  kennington/cre-a                 highs    #2 optimal                  0.0890s
  kennington/cre-a                 clp      #2 optimal                  0.0447s
  kennington/cre-a                 soplex   #2 optimal                  0.1199s
  kennington/cre-a                 enomoto  #2 optimal                  0.0953s
  kennington/cre-a                 clp      #3 optimal                  0.0429s
  kennington/cre-a                 soplex   #3 optimal                  0.1177s
  kennington/cre-a                 enomoto  #3 optimal                  0.0811s
  kennington/cre-a                 highs    #3 optimal                  0.0905s
kennington/cre-a done [4s]
  kennington/ken-07                enomoto  #1 optimal                  0.0142s
  kennington/ken-07                highs    #1 optimal                  0.0370s
  kennington/ken-07                clp      #1 optimal                  0.0110s
  kennington/ken-07                soplex   #1 optimal                  0.0428s
  kennington/ken-07                highs    #2 optimal                  0.0377s
  kennington/ken-07                clp      #2 optimal                  0.0108s
  kennington/ken-07                soplex   #2 optimal                  0.0425s
  kennington/ken-07                enomoto  #2 optimal                  0.0149s
  kennington/ken-07                clp      #3 optimal                  0.0113s
  kennington/ken-07                soplex   #3 optimal                  0.0444s
  kennington/ken-07                enomoto  #3 optimal                  0.0150s
  kennington/ken-07                highs    #3 optimal                  0.0384s
kennington/ken-07 done [3s]
  kennington/pds-02                enomoto  #1 optimal                  0.0307s
  kennington/pds-02                highs    #1 optimal                  0.1020s
  kennington/pds-02                clp      #1 optimal                  0.0227s
  kennington/pds-02                soplex   #1 optimal                  0.0710s
  kennington/pds-02                highs    #2 optimal                  0.0997s
  kennington/pds-02                clp      #2 optimal                  0.0226s
  kennington/pds-02                soplex   #2 optimal                  0.0646s
  kennington/pds-02                enomoto  #2 optimal                  0.0363s
  kennington/pds-02                clp      #3 optimal                  0.0228s
  kennington/pds-02                soplex   #3 optimal                  0.0664s
  kennington/pds-02                enomoto  #3 optimal                  0.0294s
  kennington/pds-02                highs    #3 optimal                  0.0999s
kennington/pds-02 done [3s]
  kennington/pds-06                enomoto  #1 optimal                  0.1945s
  kennington/pds-06                highs    #1 optimal                  0.3806s
  kennington/pds-06                clp      #1 optimal                  0.2485s
  kennington/pds-06                soplex   #1 optimal                  0.7906s
  kennington/pds-06                highs    #2 optimal                  0.3836s
  kennington/pds-06                clp      #2 optimal                  0.2599s
  kennington/pds-06                soplex   #2 optimal                  0.7934s
  kennington/pds-06                enomoto  #2 optimal                  0.1874s
  kennington/pds-06                clp      #3 optimal                  0.2569s
  kennington/pds-06                soplex   #3 optimal                  0.8007s
  kennington/pds-06                enomoto  #3 optimal                  0.1821s
  kennington/pds-06                highs    #3 optimal                  0.4025s
kennington/pds-06 done [10s]
  kennington/ken-11                enomoto  #1 optimal                  0.1560s
  kennington/ken-11                highs    #1 optimal                  0.2378s
  kennington/ken-11                clp      #1 optimal                  0.1304s
  kennington/ken-11                soplex   #1 optimal                  1.2578s
  kennington/ken-11                highs    #2 optimal                  0.2451s
  kennington/ken-11                clp      #2 optimal                  0.1297s
  kennington/ken-11                soplex   #2 optimal                  1.2667s
  kennington/ken-11                enomoto  #2 optimal                  0.1685s
  kennington/ken-11                clp      #3 optimal                  0.1347s
  kennington/ken-11                soplex   #3 optimal                  1.2793s
  kennington/ken-11                enomoto  #3 optimal                  0.1558s
  kennington/ken-11                highs    #3 optimal                  0.2260s
kennington/ken-11 done [10s]
  kennington/pds-10                enomoto  #1 optimal                  0.5449s
  kennington/pds-10                highs    #1 optimal                  0.7332s
  kennington/pds-10                clp      #1 optimal                  0.8953s
  kennington/pds-10                soplex   #1 optimal                  2.3838s
  kennington/pds-10                highs    #2 optimal                  0.7193s
  kennington/pds-10                clp      #2 optimal                  0.8635s
  kennington/pds-10                soplex   #2 optimal                  2.3761s
  kennington/pds-10                enomoto  #2 optimal                  0.5596s
  kennington/pds-10                clp      #3 optimal                  0.8438s
  kennington/pds-10                soplex   #3 optimal                  2.3684s
  kennington/pds-10                enomoto  #3 optimal                  0.5565s
  kennington/pds-10                highs    #3 optimal                  0.6977s
kennington/pds-10 done [20s]
  kennington/osa-07                enomoto  #1 optimal                  0.0450s
  kennington/osa-07                highs    #1 optimal                  0.2211s
  kennington/osa-07                clp      #1 optimal                  0.0542s
  kennington/osa-07                soplex   #1 optimal                  0.1929s
  kennington/osa-07                highs    #2 optimal                  0.2290s
  kennington/osa-07                clp      #2 optimal                  0.0534s
  kennington/osa-07                soplex   #2 optimal                  0.1742s
  kennington/osa-07                enomoto  #2 optimal                  0.0460s
  kennington/osa-07                clp      #3 optimal                  0.0559s
  kennington/osa-07                soplex   #3 optimal                  0.1837s
  kennington/osa-07                enomoto  #3 optimal                  0.0448s
  kennington/osa-07                highs    #3 optimal                  0.2264s
kennington/osa-07 done [6s]
  kennington/ken-13                enomoto  #1 optimal                  0.8518s
  kennington/ken-13                highs    #1 optimal                  0.7784s
  kennington/ken-13                clp      #1 optimal                  0.3532s
  kennington/ken-13                soplex   #1 optimal                  6.5486s
  kennington/ken-13                highs    #2 optimal                  0.8189s
  kennington/ken-13                clp      #2 optimal                  0.3760s
  kennington/ken-13                soplex   #2 optimal                  6.5332s
  kennington/ken-13                enomoto  #2 optimal                  0.8243s
  kennington/ken-13                clp      #3 optimal                  0.3724s
  kennington/ken-13                soplex   #3 optimal                  6.4298s
  kennington/ken-13                enomoto  #3 optimal                  0.8047s
  kennington/ken-13                highs    #3 optimal                  0.7833s
kennington/ken-13 done [33s]
  kennington/cre-d                 enomoto  #1 optimal                  0.6971s
  kennington/cre-d                 highs    #1 optimal                  0.6263s
  kennington/cre-d                 clp      #1 optimal                  0.5530s
  kennington/cre-d                 soplex   #1 optimal                  2.2944s
  kennington/cre-d                 highs    #2 optimal                  0.6441s
  kennington/cre-d                 clp      #2 optimal                  0.5639s
  kennington/cre-d                 soplex   #2 optimal                  2.2809s
  kennington/cre-d                 enomoto  #2 optimal                  0.7400s
  kennington/cre-d                 clp      #3 optimal                  0.5460s
  kennington/cre-d                 soplex   #3 optimal                  2.2642s
  kennington/cre-d                 enomoto  #3 optimal                  0.7330s
  kennington/cre-d                 highs    #3 optimal                  0.6288s
kennington/cre-d done [20s]
  kennington/cre-b                 enomoto  #1 optimal                  1.4098s
  kennington/cre-b                 highs    #1 optimal                  1.3176s
  kennington/cre-b                 clp      #1 optimal                  1.3668s
  kennington/cre-b                 soplex   #1 optimal                  3.9258s
  kennington/cre-b                 highs    #2 optimal                  1.2865s
  kennington/cre-b                 clp      #2 optimal                  1.3359s
  kennington/cre-b                 soplex   #2 optimal                  3.7890s
  kennington/cre-b                 enomoto  #2 optimal                  1.4086s
  kennington/cre-b                 clp      #3 optimal                  1.3528s
  kennington/cre-b                 soplex   #3 optimal                  3.8138s
  kennington/cre-b                 enomoto  #3 optimal                  1.4152s
  kennington/cre-b                 highs    #3 optimal                  1.2892s
kennington/cre-b done [29s]
  kennington/pds-20                enomoto  #1 optimal                  3.3794s
  kennington/pds-20                highs    #1 optimal                  2.3731s
  kennington/pds-20                clp      #1 optimal                  11.1763s
  kennington/pds-20                soplex   #1 optimal                  19.6811s
  kennington/pds-20                highs    #2 optimal                  2.3276s
  kennington/pds-20                clp      #2 optimal                  10.9904s
  kennington/pds-20                soplex   #2 optimal                  19.6236s
  kennington/pds-20                enomoto  #2 optimal                  3.3775s
  kennington/pds-20                clp      #3 optimal                  11.2570s
  kennington/pds-20                soplex   #3 optimal                  19.5742s
  kennington/pds-20                enomoto  #3 optimal                  3.3968s
  kennington/pds-20                highs    #3 optimal                  2.3071s
kennington/pds-20 done [115s]
  kennington/osa-14                enomoto  #1 optimal                  0.1330s
  kennington/osa-14                highs    #1 optimal                  0.8611s
  kennington/osa-14                clp      #1 optimal                  0.1979s
  kennington/osa-14                soplex   #1 optimal                  1.0285s
  kennington/osa-14                highs    #2 optimal                  0.8938s
  kennington/osa-14                clp      #2 optimal                  0.1813s
  kennington/osa-14                soplex   #2 optimal                  1.0864s
  kennington/osa-14                enomoto  #2 optimal                  0.1352s
  kennington/osa-14                clp      #3 optimal                  0.1830s
  kennington/osa-14                soplex   #3 optimal                  1.0592s
  kennington/osa-14                enomoto  #3 optimal                  0.1345s
  kennington/osa-14                highs    #3 optimal                  0.8709s
kennington/osa-14 done [14s]
  kennington/osa-30                enomoto  #1 optimal                  0.4763s
  kennington/osa-30                highs    #1 optimal                  4.1197s
  kennington/osa-30                clp      #1 optimal                  0.7052s
  kennington/osa-30                soplex   #1 optimal                  5.6490s
  kennington/osa-30                highs    #2 optimal                  4.1988s
  kennington/osa-30                clp      #2 optimal                  0.6655s
  kennington/osa-30                soplex   #2 optimal                  5.3909s
  kennington/osa-30                enomoto  #2 optimal                  0.4797s
  kennington/osa-30                clp      #3 optimal                  0.6749s
  kennington/osa-30                soplex   #3 optimal                  5.4957s
  kennington/osa-30                enomoto  #3 optimal                  0.4496s
  kennington/osa-30                highs    #3 optimal                  4.1175s
kennington/osa-30 done [43s]
  kennington/ken-18                enomoto  #1 optimal                  7.4495s
  kennington/ken-18                highs    #1 optimal                  4.2497s
  kennington/ken-18                clp      #1 optimal                  2.4745s
  kennington/ken-18                soplex   #1 optimal                  127.0284s
  kennington/ken-18                highs    #2 optimal                  4.2902s
  kennington/ken-18                clp      #2 optimal                  2.4805s
  kennington/ken-18                soplex   #2 optimal                  127.6750s
  kennington/ken-18                enomoto  #2 optimal                  7.8106s
  kennington/ken-18                clp      #3 optimal                  2.5742s
  kennington/ken-18                soplex   #3 optimal                  129.4718s
  kennington/ken-18                enomoto  #3 optimal                  7.6622s
  kennington/ken-18                highs    #3 optimal                  4.4502s
kennington/ken-18 done [439s]
  kennington/osa-60                enomoto  #1 optimal                  1.7100s
  kennington/osa-60                highs    #1 optimal                  19.0268s
  kennington/osa-60                clp      #1 optimal                  4.2647s
  kennington/osa-60                soplex   #1 optimal                  40.4099s
  kennington/osa-60                highs    #2 optimal                  18.7247s
  kennington/osa-60                clp      #2 optimal                  4.1889s
  kennington/osa-60                soplex   #2 optimal                  35.7315s
  kennington/osa-60                enomoto  #2 optimal                  1.7404s
  kennington/osa-60                clp      #3 optimal                  4.1875s
  kennington/osa-60                soplex   #3 optimal                  36.8685s
  kennington/osa-60                enomoto  #3 optimal                  1.7017s
  kennington/osa-60                highs    #3 optimal                  18.4403s
kennington/osa-60 done [203s]
  mittelmann/qap15                 enomoto  #1 timeout                  -
  mittelmann/qap15                 highs    #1 limit                    600.0079s
  mittelmann/qap15                 clp      #1 optimal                  475.1256s
  mittelmann/qap15                 soplex   #1 limit                    600.0453s
mittelmann/qap15 done [2281s]
  mittelmann/nug08-3rd             enomoto  #1 optimal                  342.7728s
  mittelmann/nug08-3rd             highs    #1 optimal                  270.4932s
  mittelmann/nug08-3rd             clp      #1 optimal                  485.2667s
  mittelmann/nug08-3rd             soplex   #1 limit                    600.3016s
  mittelmann/nug08-3rd             highs    #2 optimal                  275.6265s
  mittelmann/nug08-3rd             highs    #3 optimal                  274.0352s
mittelmann/nug08-3rd done [2252s]
  mittelmann/fome13                enomoto  #1 optimal                  16.1342s
  mittelmann/fome13                highs    #1 optimal                  76.7102s
  mittelmann/fome13                clp      #1 optimal                  72.5126s
  mittelmann/fome13                soplex   #1 optimal                  355.6510s
  mittelmann/fome13                highs    #2 optimal                  77.3912s
  mittelmann/fome13                clp      #2 optimal                  72.8087s
  mittelmann/fome13                enomoto  #2 optimal                  16.4786s
  mittelmann/fome13                clp      #3 optimal                  72.2691s
  mittelmann/fome13                enomoto  #3 optimal                  15.6919s
  mittelmann/fome13                highs    #3 optimal                  78.4879s
mittelmann/fome13 done [860s]
  mittelmann/cont1                 enomoto  #1 optimal                  476.5042s
  mittelmann/cont1                 highs    #1 optimal                  225.5416s
  mittelmann/cont1                 clp      #1 optimal                  483.3819s
  mittelmann/cont1                 soplex   #1 limit                    603.1825s
  mittelmann/cont1                 highs    #2 optimal                  236.1150s
  mittelmann/cont1                 highs    #3 optimal                  226.5933s
mittelmann/cont1 done [2257s]
  mittelmann/cont11                enomoto  #1 timeout                  -
  mittelmann/cont11                highs    #1 limit                    600.0423s
  mittelmann/cont11                clp      #1 limit                    600.0337s
  mittelmann/cont11                soplex   #1 limit                    617.4063s
mittelmann/cont11 done [2426s]
  mittelmann/irish-electricity     enomoto  #1 optimal                  161.2359s
  mittelmann/irish-electricity     highs    #1 optimal                  181.4271s
  mittelmann/irish-electricity     clp      #1 limit                    600.0200s
  mittelmann/irish-electricity     soplex   #1 limit                    600.1999s
  mittelmann/irish-electricity     highs    #2 optimal                  181.9307s
  mittelmann/irish-electricity     enomoto  #2 optimal                  161.6482s
  mittelmann/irish-electricity     enomoto  #3 optimal                  162.0901s
  mittelmann/irish-electricity     highs    #3 optimal                  182.4874s
mittelmann/irish-electricity done [2241s]
  mittelmann/supportcase10         enomoto  #1 optimal                  207.1362s
  mittelmann/supportcase10         highs    #1 optimal                  208.0080s
  mittelmann/supportcase10         clp      #1 optimal                  104.9718s
  mittelmann/supportcase10         soplex   #1 optimal                  162.7736s
  mittelmann/supportcase10         highs    #2 optimal                  207.7855s
  mittelmann/supportcase10         clp      #2 optimal                  105.2008s
  mittelmann/supportcase10         soplex   #2 optimal                  168.2021s
  mittelmann/supportcase10         enomoto  #2 optimal                  207.7088s
  mittelmann/supportcase10         clp      #3 optimal                  107.3669s
  mittelmann/supportcase10         soplex   #3 optimal                  163.2025s
  mittelmann/supportcase10         enomoto  #3 optimal                  207.4798s
  mittelmann/supportcase10         highs    #3 optimal                  208.8154s
mittelmann/supportcase10 done [2070s]
  mittelmann/Linf_520c             enomoto  #1 timeout                  -
  mittelmann/Linf_520c             highs    #1 limit                    600.0212s
  mittelmann/Linf_520c             clp      #1 optimal                  477.9779s
  mittelmann/Linf_520c             soplex   #1 limit                    604.5943s
mittelmann/Linf_520c done [2291s]
  mittelmann/rmine15               enomoto  #1 timeout                  -
  mittelmann/rmine15               highs    #1 limit                    600.1935s
  mittelmann/rmine15               clp      #1 optimal                  464.3348s
  mittelmann/rmine15               soplex   #1 limit                    600.3620s
mittelmann/rmine15 done [2278s]
  mittelmann/physiciansched3-3     enomoto  #1 optimal                  515.3253s
  mittelmann/physiciansched3-3     highs    #1 limit                    600.0460s
  mittelmann/physiciansched3-3     clp      #1 limit                    600.0863s
  mittelmann/physiciansched3-3     soplex   #1 limit                    600.9132s
mittelmann/physiciansched3-3 done [2324s]
  mittelmann/neos                  enomoto  #1 timeout                  -
  mittelmann/neos                  highs    #1 optimal                  390.0213s
  mittelmann/neos                  clp      #1 optimal                  260.5198s
  mittelmann/neos                  soplex   #1 optimal                  54.8282s
  mittelmann/neos                  clp      #2 optimal                  260.2088s
  mittelmann/neos                  soplex   #2 optimal                  54.6243s
  mittelmann/neos                  clp      #3 optimal                  260.3071s
  mittelmann/neos                  soplex   #3 optimal                  54.7281s
mittelmann/neos done [1952s]
  mittelmann/ex10                  enomoto  #1 optimal                  105.9534s
  mittelmann/ex10                  highs    #1 optimal                  106.3511s
  mittelmann/ex10                  clp      #1 limit                    600.6024s
  mittelmann/ex10                  soplex   #1 limit                    601.1379s
  mittelmann/ex10                  highs    #2 optimal                  107.0139s
  mittelmann/ex10                  enomoto  #2 optimal                  105.6479s
  mittelmann/ex10                  enomoto  #3 optimal                  105.7646s
  mittelmann/ex10                  highs    #3 optimal                  107.0000s
mittelmann/ex10 done [1853s]
  mittelmann/graph40-40            enomoto  #1 timeout                  -
  mittelmann/graph40-40            highs    #1 limit                    600.0673s
  mittelmann/graph40-40            clp      #1 limit                    600.2206s
  mittelmann/graph40-40            soplex   #1 limit                    600.3959s
mittelmann/graph40-40 done [2418s]
  mittelmann/pds-100               enomoto  #1 optimal                  108.2994s
  mittelmann/pds-100               highs    #1 optimal                  89.5984s
  mittelmann/pds-100               clp      #1 optimal                  167.3409s
  mittelmann/pds-100               soplex   #1 limit                    600.6561s
  mittelmann/pds-100               highs    #2 optimal                  91.0576s
  mittelmann/pds-100               clp      #2 optimal                  168.2842s
  mittelmann/pds-100               enomoto  #2 optimal                  108.7422s
  mittelmann/pds-100               clp      #3 optimal                  167.5098s
  mittelmann/pds-100               enomoto  #3 optimal                  107.9220s
  mittelmann/pds-100               highs    #3 optimal                  88.8240s
mittelmann/pds-100 done [1719s]
  mittelmann/ns1687037             enomoto  #1 timeout                  -
  mittelmann/ns1687037             highs    #1 limit                    600.0394s
  mittelmann/ns1687037             clp      #1 limit                    600.0608s
  mittelmann/ns1687037             soplex   #1 limit                    600.7329s
mittelmann/ns1687037 done [2412s]
  mittelmann/bdry2                 enomoto  #1 timeout                  -
  mittelmann/bdry2                 highs    #1 limit                    603.1427s
  mittelmann/bdry2                 clp      #1 limit                    600.1202s
  mittelmann/bdry2                 soplex   #1 limit                    601.2841s
mittelmann/bdry2 done [2420s]
  mittelmann/datt256               enomoto  #1 timeout                  -
  mittelmann/datt256               highs    #1 limit                    600.0598s
  mittelmann/datt256               clp      #1 optimal                  595.2870s
  mittelmann/datt256               soplex   #1 limit                    600.5307s
mittelmann/datt256 done [2410s]
  mittelmann/neos3                 enomoto  #1 timeout                  -
  mittelmann/neos3                 highs    #1 limit                    600.2177s
  mittelmann/neos3                 clp      #1 limit                    600.0913s
  mittelmann/neos3                 soplex   #1 limit                    600.4517s
mittelmann/neos3 done [2415s]
  mittelmann/s250r10               enomoto  #1 optimal                  82.4490s
  mittelmann/s250r10               highs    #1 optimal                  104.7367s
  mittelmann/s250r10               clp      #1 optimal                  362.9955s
  mittelmann/s250r10               soplex   #1 optimal                  502.6740s
  mittelmann/s250r10               highs    #2 optimal                  104.7501s
  mittelmann/s250r10               enomoto  #2 optimal                  82.1737s
  mittelmann/s250r10               enomoto  #3 optimal                  81.8184s
  mittelmann/s250r10               highs    #3 optimal                  104.7443s
mittelmann/s250r10 done [1449s]
  mittelmann/ns1688926             enomoto  #1 timeout                  -
  mittelmann/ns1688926             highs    #1 limit                    600.0186s
  mittelmann/ns1688926             clp      #1 optimal                  19.6796s
  mittelmann/ns1688926             soplex   #1 optimal                  113.2368s
  mittelmann/ns1688926             clp      #2 optimal                  18.4683s
  mittelmann/ns1688926             soplex   #2 optimal                  111.7933s
  mittelmann/ns1688926             clp      #3 optimal                  18.4701s
  mittelmann/ns1688926             soplex   #3 optimal                  112.2709s
mittelmann/ns1688926 done [1607s]
  mittelmann/savsched1             enomoto  #1 timeout                  -
  mittelmann/savsched1             highs    #1 limit                    600.1640s
  mittelmann/savsched1             clp      #1 limit                    600.1449s
  mittelmann/savsched1             soplex   #1 limit                    601.0831s
mittelmann/savsched1 done [2419s]
  mittelmann/neos-5251015          enomoto  #1 timeout                  -
  mittelmann/neos-5251015          highs    #1 limit                    600.0664s
  mittelmann/neos-5251015          clp      #1 optimal                  469.9581s
  mittelmann/neos-5251015          soplex   #1 limit                    601.4196s
mittelmann/neos-5251015 done [2290s]
  mittelmann/s100                  enomoto  #1 timeout                  -
  mittelmann/s100                  highs    #1 limit                    600.1479s
  mittelmann/s100                  clp      #1 limit                    600.0584s
  mittelmann/s100                  soplex   #1 limit                    600.9250s
mittelmann/s100 done [2420s]
  mittelmann/woodlands09           enomoto  #1 timeout                  -
  mittelmann/woodlands09           highs    #1 limit                    600.0603s
  mittelmann/woodlands09           clp      #1 optimal                  359.2184s
  mittelmann/woodlands09           soplex   #1 timeout                  -
mittelmann/woodlands09 done [2268s]
  mittelmann/stormG2_1000          enomoto  #1 optimal                  78.9360s
  mittelmann/stormG2_1000          highs    #1 optimal                  70.8335s
  mittelmann/stormG2_1000          clp      #1 optimal                  191.8475s
  mittelmann/stormG2_1000          soplex   #1 timeout                  -
  mittelmann/stormG2_1000          highs    #2 optimal                  70.0762s
  mittelmann/stormG2_1000          clp      #2 optimal                  192.6086s
  mittelmann/stormG2_1000          enomoto  #2 optimal                  79.4806s
  mittelmann/stormG2_1000          clp      #3 optimal                  193.7550s
  mittelmann/stormG2_1000          enomoto  #3 optimal                  79.8327s
  mittelmann/stormG2_1000          highs    #3 optimal                  71.4253s
mittelmann/stormG2_1000 done [1774s]
  mittelmann/L1_sixm250obs         enomoto  #1 timeout                  -
  mittelmann/L1_sixm250obs         highs    #1 limit                    600.3965s
  mittelmann/L1_sixm250obs         clp      #1 limit                    600.8167s
  mittelmann/L1_sixm250obs         soplex   #1 timeout                  -
mittelmann/L1_sixm250obs done [2522s]
  mittelmann/tpl-tub-ws1617        enomoto  #1 timeout                  -
  mittelmann/tpl-tub-ws1617        highs    #1 limit                    600.4790s
  mittelmann/tpl-tub-ws1617        clp      #1 limit                    600.4213s
  mittelmann/tpl-tub-ws1617        soplex   #1 limit                    602.5800s
mittelmann/tpl-tub-ws1617 done [2508s]
  mittelmann/neos-5052403-cygnet   enomoto  #1 optimal                  16.1393s
  mittelmann/neos-5052403-cygnet   highs    #1 limit                    600.0243s
  mittelmann/neos-5052403-cygnet   clp      #1 optimal                  554.2208s
  mittelmann/neos-5052403-cygnet   soplex   #1 optimal                  521.5275s
  mittelmann/neos-5052403-cygnet   enomoto  #2 optimal                  15.7449s
  mittelmann/neos-5052403-cygnet   enomoto  #3 optimal                  16.4406s
mittelmann/neos-5052403-cygnet done [1753s]
  mittelmann/Primal2_1000          enomoto  #1 timeout                  -
  mittelmann/Primal2_1000          highs    #1 limit                    600.4514s
  mittelmann/Primal2_1000          clp      #1 limit                    601.3579s
  mittelmann/Primal2_1000          soplex   #1 timeout                  -
mittelmann/Primal2_1000 done [2550s]
  mittelmann/scpm1                 enomoto  #1 timeout                  -
  mittelmann/scpm1                 highs    #1 limit                    600.4962s
  mittelmann/scpm1                 clp      #1 optimal                  85.9582s
  mittelmann/scpm1                 soplex   #1 limit                    601.0161s
  mittelmann/scpm1                 clp      #2 optimal                  86.0296s
  mittelmann/scpm1                 clp      #3 optimal                  86.6398s
mittelmann/scpm1 done [2103s]
  mittelmann/s82                   enomoto  #1 timeout                  -
  mittelmann/s82                   highs    #1 limit                    600.6952s
  mittelmann/s82                   clp      #1 limit                    600.2717s
  mittelmann/s82                   soplex   #1 limit                    602.6430s
mittelmann/s82 done [2469s]
  mittelmann/fhnw-binschedule1     enomoto  #1 timeout                  -
  mittelmann/fhnw-binschedule1     highs    #1 limit                    600.2186s
  mittelmann/fhnw-binschedule1     clp      #1 limit                    600.2737s
  mittelmann/fhnw-binschedule1     soplex   #1 limit                    603.1308s
mittelmann/fhnw-binschedule1 done [2464s]
  mittelmann/neos-3025225          enomoto  #1 timeout                  -
  mittelmann/neos-3025225          highs    #1 limit                    600.0896s
  mittelmann/neos-3025225          clp      #1 limit                    600.0657s
  mittelmann/neos-3025225          soplex   #1 limit                    600.8862s
mittelmann/neos-3025225 done [2440s]
  mittelmann/rail4284              enomoto  #1 timeout                  -
  mittelmann/rail4284              highs    #1 limit                    600.1055s
  mittelmann/rail4284              clp      #1 optimal                  42.2667s
  mittelmann/rail4284              soplex   #1 limit                    601.8188s
  mittelmann/rail4284              clp      #2 optimal                  43.1144s
  mittelmann/rail4284              clp      #3 optimal                  42.4323s
mittelmann/rail4284 done [1979s]
  mittelmann/square41              enomoto  #1 optimal                  112.4810s
  mittelmann/square41              highs    #1 optimal                  69.7157s
  mittelmann/square41              clp      #1 limit                    600.8512s
  mittelmann/square41              soplex   #1 optimal                  212.5049s
  mittelmann/square41              highs    #2 optimal                  70.1588s
  mittelmann/square41              soplex   #2 optimal                  210.7814s
  mittelmann/square41              enomoto  #2 optimal                  111.3642s
  mittelmann/square41              soplex   #3 optimal                  211.8677s
  mittelmann/square41              enomoto  #3 optimal                  113.7920s
  mittelmann/square41              highs    #3 optimal                  71.7457s
mittelmann/square41 done [1920s]
  mittelmann/L1_sixm1000obs        enomoto  #1 timeout                  -
  mittelmann/L1_sixm1000obs        highs    #1 limit                    600.5869s
  mittelmann/L1_sixm1000obs        clp      #1 limit                    601.8290s
  mittelmann/L1_sixm1000obs        soplex   #1 timeout                  -
mittelmann/L1_sixm1000obs done [2600s]
  mittelmann/dlr1                  enomoto  #1 timeout                  -
  mittelmann/dlr1                  highs    #1 limit                    600.2094s
  mittelmann/dlr1                  clp      #1 limit                    604.4425s
  mittelmann/dlr1                  soplex   #1 timeout                  -
mittelmann/dlr1 done [2651s]
  mittelmann/a2864                 enomoto  #1 timeout                  -
  mittelmann/a2864                 highs    #1 limit                    604.1557s
  mittelmann/a2864                 clp      #1 limit                    613.8198s
  mittelmann/a2864                 soplex   #1 limit                    604.1812s
mittelmann/a2864 done [2529s]
  mittelmann/set-cover-model       enomoto  #1 not_solved               424.7953s
  mittelmann/set-cover-model       highs    #1 limit                    600.4274s
  mittelmann/set-cover-model       clp      #1 limit                    605.0392s
  mittelmann/set-cover-model       soplex   #1 limit                    603.2190s
mittelmann/set-cover-model done [2355s]
  mittelmann/thk_63                enomoto  #1 memory                   -
  mittelmann/thk_63                highs    #1 memory                   -
  mittelmann/thk_63                clp      #1 limit                    614.1958s
  mittelmann/thk_63                soplex   #1 memory                   -
mittelmann/thk_63 done [1332s]
finished_retry 2026-09-30T11:46:52+09:00
